The system is: Linux - 6.1.0-41-amd64 - x86_64
Compiling the C compiler identification source file "CMakeCCompilerId.c" succeeded.
Compiler: /usr/bin/cc 
Build flags: 
Id flags:  

The output was:
0


Compilation of the C compiler identification source "CMakeCCompilerId.c" produced "a.out"

The C compiler identification is GNU, found in "/home/feng/Projects/myapp/build/CMakeFiles/3.25.1/CompilerIdC/a.out"

Compiling the CXX compiler identification source file "CMakeCXXCompilerId.cpp" succeeded.
Compiler: /usr/bin/c++ 
Build flags: 
Id flags:  

The output was:
0


Compilation of the CXX compiler identification source "CMakeCXXCompilerId.cpp" produced "a.out"

The CXX compiler identification is GNU, found in "/home/feng/Projects/myapp/build/CMakeFiles/3.25.1/CompilerIdCXX/a.out"

Detecting C compiler ABI info compiled with the following output:
Change Dir: /home/feng/Projects/myapp/build/CMakeFiles/CMakeScratch/TryCompile-UPE7vn

Run Build Command(s):/usr/bin/gmake -f Makefile cmTC_a75b6/fast && /usr/bin/gmake  -f CMakeFiles/cmTC_a75b6.dir/build.make CMakeFiles/cmTC_a75b6.dir/build
gmake[1]: Entering directory '/home/feng/Projects/myapp/build/CMakeFiles/CMakeScratch/TryCompile-UPE7vn'
Building C object CMakeFiles/cmTC_a75b6.dir/CMakeCCompilerABI.c.o
/usr/bin/cc   -v -o CMakeFiles/cmTC_a75b6.dir/CMakeCCompilerABI.c.o -c /usr/share/cmake-3.25/Modules/CMakeCCompilerABI.c
Using built-in specs.
COLLECT_GCC=/usr/bin/cc
OFFLOAD_TARGET_NAMES=nvptx-none:amdgcn-amdhsa
OFFLOAD_TARGET_DEFAULT=1
Target: x86_64-linux-gnu
Configured with: ../src/configure -v --with-pkgversion='Debian 12.2.0-14+deb12u1' --with-bugurl=file:///usr/share/doc/gcc-12/README.Bugs --enable-languages=c,ada,c++,go,d,fortran,objc,obj-c++,m2 --prefix=/usr --with-gcc-major-version-only --program-suffix=-12 --program-prefix=x86_64-linux-gnu- --enable-shared --enable-linker-build-id --libexecdir=/usr/lib --without-included-gettext --enable-threads=posix --libdir=/usr/lib --enable-nls --enable-clocale=gnu --enable-libstdcxx-debug --enable-libstdcxx-time=yes --with-default-libstdcxx-abi=new --enable-gnu-unique-object --disable-vtable-verify --enable-plugin --enable-default-pie --with-system-zlib --enable-libphobos-checking=release --with-target-system-zlib=auto --enable-objc-gc=auto --enable-multiarch --disable-werror --enable-cet --with-arch-32=i686 --with-abi=m64 --with-multilib-list=m32,m64,mx32 --enable-multilib --with-tune=generic --enable-offload-targets=nvptx-none=/build/reproducible-path/gcc-12-12.2.0/debian/tmp-nvptx/usr,amdgcn-amdhsa=/build/reproducible-path/gcc-12-12.2.0/debian/tmp-gcn/usr --enable-offload-defaulted --without-cuda-driver --enable-checking=release --build=x86_64-linux-gnu --host=x86_64-linux-gnu --target=x86_64-linux-gnu
Thread model: posix
Supported LTO compression algorithms: zlib zstd
gcc version 12.2.0 (Debian 12.2.0-14+deb12u1) 
COLLECT_GCC_OPTIONS='-v' '-o' 'CMakeFiles/cmTC_a75b6.dir/CMakeCCompilerABI.c.o' '-c' '-mtune=generic' '-march=x86-64' '-dumpdir' 'CMakeFiles/cmTC_a75b6.dir/'
 /usr/lib/gcc/x86_64-linux-gnu/12/cc1 -quiet -v -imultiarch x86_64-linux-gnu /usr/share/cmake-3.25/Modules/CMakeCCompilerABI.c -quiet -dumpdir CMakeFiles/cmTC_a75b6.dir/ -dumpbase CMakeCCompilerABI.c.c -dumpbase-ext .c -mtune=generic -march=x86-64 -version -fasynchronous-unwind-tables -o /tmp/ccRDfXhN.s
GNU C17 (Debian 12.2.0-14+deb12u1) version 12.2.0 (x86_64-linux-gnu)
	compiled by GNU C version 12.2.0, GMP version 6.2.1, MPFR version 4.2.0, MPC version 1.3.1, isl version isl-0.25-GMP

GGC heuristics: --param ggc-min-expand=100 --param ggc-min-heapsize=131072
ignoring nonexistent directory "/usr/local/include/x86_64-linux-gnu"
ignoring nonexistent directory "/usr/lib/gcc/x86_64-linux-gnu/12/include-fixed"
ignoring nonexistent directory "/usr/lib/gcc/x86_64-linux-gnu/12/../../../../x86_64-linux-gnu/include"
#include "..." search starts here:
#include <...> search starts here:
 /usr/lib/gcc/x86_64-linux-gnu/12/include
 /usr/local/include
 /usr/include/x86_64-linux-gnu
 /usr/include
End of search list.
GNU C17 (Debian 12.2.0-14+deb12u1) version 12.2.0 (x86_64-linux-gnu)
	compiled by GNU C version 12.2.0, GMP version 6.2.1, MPFR version 4.2.0, MPC version 1.3.1, isl version isl-0.25-GMP

GGC heuristics: --param ggc-min-expand=100 --param ggc-min-heapsize=131072
Compiler executable checksum: df5cb71f7b1353aac39c2b59ae45fa4a
COLLECT_GCC_OPTIONS='-v' '-o' 'CMakeFiles/cmTC_a75b6.dir/CMakeCCompilerABI.c.o' '-c' '-mtune=generic' '-march=x86-64' '-dumpdir' 'CMakeFiles/cmTC_a75b6.dir/'
 as -v --64 -o CMakeFiles/cmTC_a75b6.dir/CMakeCCompilerABI.c.o /tmp/ccRDfXhN.s
GNU assembler version 2.40 (x86_64-linux-gnu) using BFD version (GNU Binutils for Debian) 2.40
COMPILER_PATH=/usr/lib/gcc/x86_64-linux-gnu/12/:/usr/lib/gcc/x86_64-linux-gnu/12/:/usr/lib/gcc/x86_64-linux-gnu/:/usr/lib/gcc/x86_64-linux-gnu/12/:/usr/lib/gcc/x86_64-linux-gnu/
LIBRARY_PATH=/usr/lib/gcc/x86_64-linux-gnu/12/:/usr/lib/gcc/x86_64-linux-gnu/12/../../../x86_64-linux-gnu/:/usr/lib/gcc/x86_64-linux-gnu/12/../../../../lib/:/lib/x86_64-linux-gnu/:/lib/../lib/:/usr/lib/x86_64-linux-gnu/:/usr/lib/../lib/:/usr/lib/gcc/x86_64-linux-gnu/12/../../../:/lib/:/usr/lib/
COLLECT_GCC_OPTIONS='-v' '-o' 'CMakeFiles/cmTC_a75b6.dir/CMakeCCompilerABI.c.o' '-c' '-mtune=generic' '-march=x86-64' '-dumpdir' 'CMakeFiles/cmTC_a75b6.dir/CMakeCCompilerABI.c.'
Linking C executable cmTC_a75b6
/usr/bin/cmake -E cmake_link_script CMakeFiles/cmTC_a75b6.dir/link.txt --verbose=1
/usr/bin/cc  -v CMakeFiles/cmTC_a75b6.dir/CMakeCCompilerABI.c.o -o cmTC_a75b6 
Using built-in specs.
COLLECT_GCC=/usr/bin/cc
COLLECT_LTO_WRAPPER=/usr/lib/gcc/x86_64-linux-gnu/12/lto-wrapper
OFFLOAD_TARGET_NAMES=nvptx-none:amdgcn-amdhsa
OFFLOAD_TARGET_DEFAULT=1
Target: x86_64-linux-gnu
Configured with: ../src/configure -v --with-pkgversion='Debian 12.2.0-14+deb12u1' --with-bugurl=file:///usr/share/doc/gcc-12/README.Bugs --enable-languages=c,ada,c++,go,d,fortran,objc,obj-c++,m2 --prefix=/usr --with-gcc-major-version-only --program-suffix=-12 --program-prefix=x86_64-linux-gnu- --enable-shared --enable-linker-build-id --libexecdir=/usr/lib --without-included-gettext --enable-threads=posix --libdir=/usr/lib --enable-nls --enable-clocale=gnu --enable-libstdcxx-debug --enable-libstdcxx-time=yes --with-default-libstdcxx-abi=new --enable-gnu-unique-object --disable-vtable-verify --enable-plugin --enable-default-pie --with-system-zlib --enable-libphobos-checking=release --with-target-system-zlib=auto --enable-objc-gc=auto --enable-multiarch --disable-werror --enable-cet --with-arch-32=i686 --with-abi=m64 --with-multilib-list=m32,m64,mx32 --enable-multilib --with-tune=generic --enable-offload-targets=nvptx-none=/build/reproducible-path/gcc-12-12.2.0/debian/tmp-nvptx/usr,amdgcn-amdhsa=/build/reproducible-path/gcc-12-12.2.0/debian/tmp-gcn/usr --enable-offload-defaulted --without-cuda-driver --enable-checking=release --build=x86_64-linux-gnu --host=x86_64-linux-gnu --target=x86_64-linux-gnu
Thread model: posix
Supported LTO compression algorithms: zlib zstd
gcc version 12.2.0 (Debian 12.2.0-14+deb12u1) 
COMPILER_PATH=/usr/lib/gcc/x86_64-linux-gnu/12/:/usr/lib/gcc/x86_64-linux-gnu/12/:/usr/lib/gcc/x86_64-linux-gnu/:/usr/lib/gcc/x86_64-linux-gnu/12/:/usr/lib/gcc/x86_64-linux-gnu/
LIBRARY_PATH=/usr/lib/gcc/x86_64-linux-gnu/12/:/usr/lib/gcc/x86_64-linux-gnu/12/../../../x86_64-linux-gnu/:/usr/lib/gcc/x86_64-linux-gnu/12/../../../../lib/:/lib/x86_64-linux-gnu/:/lib/../lib/:/usr/lib/x86_64-linux-gnu/:/usr/lib/../lib/:/usr/lib/gcc/x86_64-linux-gnu/12/../../../:/lib/:/usr/lib/
COLLECT_GCC_OPTIONS='-v' '-o' 'cmTC_a75b6' '-mtune=generic' '-march=x86-64' '-dumpdir' 'cmTC_a75b6.'
 /usr/lib/gcc/x86_64-linux-gnu/12/collect2 -plugin /usr/lib/gcc/x86_64-linux-gnu/12/liblto_plugin.so -plugin-opt=/usr/lib/gcc/x86_64-linux-gnu/12/lto-wrapper -plugin-opt=-fresolution=/tmp/ccnLTnXP.res -plugin-opt=-pass-through=-lgcc -plugin-opt=-pass-through=-lgcc_s -plugin-opt=-pass-through=-lc -plugin-opt=-pass-through=-lgcc -plugin-opt=-pass-through=-lgcc_s --build-id --eh-frame-hdr -m elf_x86_64 --hash-style=gnu --as-needed -dynamic-linker /lib64/ld-linux-x86-64.so.2 -pie -o cmTC_a75b6 /usr/lib/gcc/x86_64-linux-gnu/12/../../../x86_64-linux-gnu/Scrt1.o /usr/lib/gcc/x86_64-linux-gnu/12/../../../x86_64-linux-gnu/crti.o /usr/lib/gcc/x86_64-linux-gnu/12/crtbeginS.o -L/usr/lib/gcc/x86_64-linux-gnu/12 -L/usr/lib/gcc/x86_64-linux-gnu/12/../../../x86_64-linux-gnu -L/usr/lib/gcc/x86_64-linux-gnu/12/../../../../lib -L/lib/x86_64-linux-gnu -L/lib/../lib -L/usr/lib/x86_64-linux-gnu -L/usr/lib/../lib -L/usr/lib/gcc/x86_64-linux-gnu/12/../../.. CMakeFiles/cmTC_a75b6.dir/CMakeCCompilerABI.c.o -lgcc --push-state --as-needed -lgcc_s --pop-state -lc -lgcc --push-state --as-needed -lgcc_s --pop-state /usr/lib/gcc/x86_64-linux-gnu/12/crtendS.o /usr/lib/gcc/x86_64-linux-gnu/12/../../../x86_64-linux-gnu/crtn.o
COLLECT_GCC_OPTIONS='-v' '-o' 'cmTC_a75b6' '-mtune=generic' '-march=x86-64' '-dumpdir' 'cmTC_a75b6.'
gmake[1]: Leaving directory '/home/feng/Projects/myapp/build/CMakeFiles/CMakeScratch/TryCompile-UPE7vn'



Parsed C implicit include dir info from above output: rv=done
  found start of include info
  found start of implicit include info
    add: [/usr/lib/gcc/x86_64-linux-gnu/12/include]
    add: [/usr/local/include]
    add: [/usr/include/x86_64-linux-gnu]
    add: [/usr/include]
  end of search list found
  collapse include dir [/usr/lib/gcc/x86_64-linux-gnu/12/include] ==> [/usr/lib/gcc/x86_64-linux-gnu/12/include]
  collapse include dir [/usr/local/include] ==> [/usr/local/include]
  collapse include dir [/usr/include/x86_64-linux-gnu] ==> [/usr/include/x86_64-linux-gnu]
  collapse include dir [/usr/include] ==> [/usr/include]
  implicit include dirs: [/usr/lib/gcc/x86_64-linux-gnu/12/include;/usr/local/include;/usr/include/x86_64-linux-gnu;/usr/include]


Parsed C implicit link information from above output:
  link line regex: [^( *|.*[/\])(ld|CMAKE_LINK_STARTFILE-NOTFOUND|([^/\]+-)?ld|collect2)[^/\]*( |$)]
  ignore line: [Change Dir: /home/feng/Projects/myapp/build/CMakeFiles/CMakeScratch/TryCompile-UPE7vn]
  ignore line: []
  ignore line: [Run Build Command(s):/usr/bin/gmake -f Makefile cmTC_a75b6/fast && /usr/bin/gmake  -f CMakeFiles/cmTC_a75b6.dir/build.make CMakeFiles/cmTC_a75b6.dir/build]
  ignore line: [gmake[1]: Entering directory '/home/feng/Projects/myapp/build/CMakeFiles/CMakeScratch/TryCompile-UPE7vn']
  ignore line: [Building C object CMakeFiles/cmTC_a75b6.dir/CMakeCCompilerABI.c.o]
  ignore line: [/usr/bin/cc   -v -o CMakeFiles/cmTC_a75b6.dir/CMakeCCompilerABI.c.o -c /usr/share/cmake-3.25/Modules/CMakeCCompilerABI.c]
  ignore line: [Using built-in specs.]
  ignore line: [COLLECT_GCC=/usr/bin/cc]
  ignore line: [OFFLOAD_TARGET_NAMES=nvptx-none:amdgcn-amdhsa]
  ignore line: [OFFLOAD_TARGET_DEFAULT=1]
  ignore line: [Target: x86_64-linux-gnu]
  ignore line: [Configured with: ../src/configure -v --with-pkgversion='Debian 12.2.0-14+deb12u1' --with-bugurl=file:///usr/share/doc/gcc-12/README.Bugs --enable-languages=c ada c++ go d fortran objc obj-c++ m2 --prefix=/usr --with-gcc-major-version-only --program-suffix=-12 --program-prefix=x86_64-linux-gnu- --enable-shared --enable-linker-build-id --libexecdir=/usr/lib --without-included-gettext --enable-threads=posix --libdir=/usr/lib --enable-nls --enable-clocale=gnu --enable-libstdcxx-debug --enable-libstdcxx-time=yes --with-default-libstdcxx-abi=new --enable-gnu-unique-object --disable-vtable-verify --enable-plugin --enable-default-pie --with-system-zlib --enable-libphobos-checking=release --with-target-system-zlib=auto --enable-objc-gc=auto --enable-multiarch --disable-werror --enable-cet --with-arch-32=i686 --with-abi=m64 --with-multilib-list=m32 m64 mx32 --enable-multilib --with-tune=generic --enable-offload-targets=nvptx-none=/build/reproducible-path/gcc-12-12.2.0/debian/tmp-nvptx/usr amdgcn-amdhsa=/build/reproducible-path/gcc-12-12.2.0/debian/tmp-gcn/usr --enable-offload-defaulted --without-cuda-driver --enable-checking=release --build=x86_64-linux-gnu --host=x86_64-linux-gnu --target=x86_64-linux-gnu]
  ignore line: [Thread model: posix]
  ignore line: [Supported LTO compression algorithms: zlib zstd]
  ignore line: [gcc version 12.2.0 (Debian 12.2.0-14+deb12u1) ]
  ignore line: [COLLECT_GCC_OPTIONS='-v' '-o' 'CMakeFiles/cmTC_a75b6.dir/CMakeCCompilerABI.c.o' '-c' '-mtune=generic' '-march=x86-64' '-dumpdir' 'CMakeFiles/cmTC_a75b6.dir/']
  ignore line: [ /usr/lib/gcc/x86_64-linux-gnu/12/cc1 -quiet -v -imultiarch x86_64-linux-gnu /usr/share/cmake-3.25/Modules/CMakeCCompilerABI.c -quiet -dumpdir CMakeFiles/cmTC_a75b6.dir/ -dumpbase CMakeCCompilerABI.c.c -dumpbase-ext .c -mtune=generic -march=x86-64 -version -fasynchronous-unwind-tables -o /tmp/ccRDfXhN.s]
  ignore line: [GNU C17 (Debian 12.2.0-14+deb12u1) version 12.2.0 (x86_64-linux-gnu)]
  ignore line: [	compiled by GNU C version 12.2.0  GMP version 6.2.1  MPFR version 4.2.0  MPC version 1.3.1  isl version isl-0.25-GMP]
  ignore line: []
  ignore line: [GGC heuristics: --param ggc-min-expand=100 --param ggc-min-heapsize=131072]
  ignore line: [ignoring nonexistent directory "/usr/local/include/x86_64-linux-gnu"]
  ignore line: [ignoring nonexistent directory "/usr/lib/gcc/x86_64-linux-gnu/12/include-fixed"]
  ignore line: [ignoring nonexistent directory "/usr/lib/gcc/x86_64-linux-gnu/12/../../../../x86_64-linux-gnu/include"]
  ignore line: [#include "..." search starts here:]
  ignore line: [#include <...> search starts here:]
  ignore line: [ /usr/lib/gcc/x86_64-linux-gnu/12/include]
  ignore line: [ /usr/local/include]
  ignore line: [ /usr/include/x86_64-linux-gnu]
  ignore line: [ /usr/include]
  ignore line: [End of search list.]
  ignore line: [GNU C17 (Debian 12.2.0-14+deb12u1) version 12.2.0 (x86_64-linux-gnu)]
  ignore line: [	compiled by GNU C version 12.2.0  GMP version 6.2.1  MPFR version 4.2.0  MPC version 1.3.1  isl version isl-0.25-GMP]
  ignore line: []
  ignore line: [GGC heuristics: --param ggc-min-expand=100 --param ggc-min-heapsize=131072]
  ignore line: [Compiler executable checksum: df5cb71f7b1353aac39c2b59ae45fa4a]
  ignore line: [COLLECT_GCC_OPTIONS='-v' '-o' 'CMakeFiles/cmTC_a75b6.dir/CMakeCCompilerABI.c.o' '-c' '-mtune=generic' '-march=x86-64' '-dumpdir' 'CMakeFiles/cmTC_a75b6.dir/']
  ignore line: [ as -v --64 -o CMakeFiles/cmTC_a75b6.dir/CMakeCCompilerABI.c.o /tmp/ccRDfXhN.s]
  ignore line: [GNU assembler version 2.40 (x86_64-linux-gnu) using BFD version (GNU Binutils for Debian) 2.40]
  ignore line: [COMPILER_PATH=/usr/lib/gcc/x86_64-linux-gnu/12/:/usr/lib/gcc/x86_64-linux-gnu/12/:/usr/lib/gcc/x86_64-linux-gnu/:/usr/lib/gcc/x86_64-linux-gnu/12/:/usr/lib/gcc/x86_64-linux-gnu/]
  ignore line: [LIBRARY_PATH=/usr/lib/gcc/x86_64-linux-gnu/12/:/usr/lib/gcc/x86_64-linux-gnu/12/../../../x86_64-linux-gnu/:/usr/lib/gcc/x86_64-linux-gnu/12/../../../../lib/:/lib/x86_64-linux-gnu/:/lib/../lib/:/usr/lib/x86_64-linux-gnu/:/usr/lib/../lib/:/usr/lib/gcc/x86_64-linux-gnu/12/../../../:/lib/:/usr/lib/]
  ignore line: [COLLECT_GCC_OPTIONS='-v' '-o' 'CMakeFiles/cmTC_a75b6.dir/CMakeCCompilerABI.c.o' '-c' '-mtune=generic' '-march=x86-64' '-dumpdir' 'CMakeFiles/cmTC_a75b6.dir/CMakeCCompilerABI.c.']
  ignore line: [Linking C executable cmTC_a75b6]
  ignore line: [/usr/bin/cmake -E cmake_link_script CMakeFiles/cmTC_a75b6.dir/link.txt --verbose=1]
  ignore line: [/usr/bin/cc  -v CMakeFiles/cmTC_a75b6.dir/CMakeCCompilerABI.c.o -o cmTC_a75b6 ]
  ignore line: [Using built-in specs.]
  ignore line: [COLLECT_GCC=/usr/bin/cc]
  ignore line: [COLLECT_LTO_WRAPPER=/usr/lib/gcc/x86_64-linux-gnu/12/lto-wrapper]
  ignore line: [OFFLOAD_TARGET_NAMES=nvptx-none:amdgcn-amdhsa]
  ignore line: [OFFLOAD_TARGET_DEFAULT=1]
  ignore line: [Target: x86_64-linux-gnu]
  ignore line: [Configured with: ../src/configure -v --with-pkgversion='Debian 12.2.0-14+deb12u1' --with-bugurl=file:///usr/share/doc/gcc-12/README.Bugs --enable-languages=c ada c++ go d fortran objc obj-c++ m2 --prefix=/usr --with-gcc-major-version-only --program-suffix=-12 --program-prefix=x86_64-linux-gnu- --enable-shared --enable-linker-build-id --libexecdir=/usr/lib --without-included-gettext --enable-threads=posix --libdir=/usr/lib --enable-nls --enable-clocale=gnu --enable-libstdcxx-debug --enable-libstdcxx-time=yes --with-default-libstdcxx-abi=new --enable-gnu-unique-object --disable-vtable-verify --enable-plugin --enable-default-pie --with-system-zlib --enable-libphobos-checking=release --with-target-system-zlib=auto --enable-objc-gc=auto --enable-multiarch --disable-werror --enable-cet --with-arch-32=i686 --with-abi=m64 --with-multilib-list=m32 m64 mx32 --enable-multilib --with-tune=generic --enable-offload-targets=nvptx-none=/build/reproducible-path/gcc-12-12.2.0/debian/tmp-nvptx/usr amdgcn-amdhsa=/build/reproducible-path/gcc-12-12.2.0/debian/tmp-gcn/usr --enable-offload-defaulted --without-cuda-driver --enable-checking=release --build=x86_64-linux-gnu --host=x86_64-linux-gnu --target=x86_64-linux-gnu]
  ignore line: [Thread model: posix]
  ignore line: [Supported LTO compression algorithms: zlib zstd]
  ignore line: [gcc version 12.2.0 (Debian 12.2.0-14+deb12u1) ]
  ignore line: [COMPILER_PATH=/usr/lib/gcc/x86_64-linux-gnu/12/:/usr/lib/gcc/x86_64-linux-gnu/12/:/usr/lib/gcc/x86_64-linux-gnu/:/usr/lib/gcc/x86_64-linux-gnu/12/:/usr/lib/gcc/x86_64-linux-gnu/]
  ignore line: [LIBRARY_PATH=/usr/lib/gcc/x86_64-linux-gnu/12/:/usr/lib/gcc/x86_64-linux-gnu/12/../../../x86_64-linux-gnu/:/usr/lib/gcc/x86_64-linux-gnu/12/../../../../lib/:/lib/x86_64-linux-gnu/:/lib/../lib/:/usr/lib/x86_64-linux-gnu/:/usr/lib/../lib/:/usr/lib/gcc/x86_64-linux-gnu/12/../../../:/lib/:/usr/lib/]
  ignore line: [COLLECT_GCC_OPTIONS='-v' '-o' 'cmTC_a75b6' '-mtune=generic' '-march=x86-64' '-dumpdir' 'cmTC_a75b6.']
  link line: [ /usr/lib/gcc/x86_64-linux-gnu/12/collect2 -plugin /usr/lib/gcc/x86_64-linux-gnu/12/liblto_plugin.so -plugin-opt=/usr/lib/gcc/x86_64-linux-gnu/12/lto-wrapper -plugin-opt=-fresolution=/tmp/ccnLTnXP.res -plugin-opt=-pass-through=-lgcc -plugin-opt=-pass-through=-lgcc_s -plugin-opt=-pass-through=-lc -plugin-opt=-pass-through=-lgcc -plugin-opt=-pass-through=-lgcc_s --build-id --eh-frame-hdr -m elf_x86_64 --hash-style=gnu --as-needed -dynamic-linker /lib64/ld-linux-x86-64.so.2 -pie -o cmTC_a75b6 /usr/lib/gcc/x86_64-linux-gnu/12/../../../x86_64-linux-gnu/Scrt1.o /usr/lib/gcc/x86_64-linux-gnu/12/../../../x86_64-linux-gnu/crti.o /usr/lib/gcc/x86_64-linux-gnu/12/crtbeginS.o -L/usr/lib/gcc/x86_64-linux-gnu/12 -L/usr/lib/gcc/x86_64-linux-gnu/12/../../../x86_64-linux-gnu -L/usr/lib/gcc/x86_64-linux-gnu/12/../../../../lib -L/lib/x86_64-linux-gnu -L/lib/../lib -L/usr/lib/x86_64-linux-gnu -L/usr/lib/../lib -L/usr/lib/gcc/x86_64-linux-gnu/12/../../.. CMakeFiles/cmTC_a75b6.dir/CMakeCCompilerABI.c.o -lgcc --push-state --as-needed -lgcc_s --pop-state -lc -lgcc --push-state --as-needed -lgcc_s --pop-state /usr/lib/gcc/x86_64-linux-gnu/12/crtendS.o /usr/lib/gcc/x86_64-linux-gnu/12/../../../x86_64-linux-gnu/crtn.o]
    arg [/usr/lib/gcc/x86_64-linux-gnu/12/collect2] ==> ignore
    arg [-plugin] ==> ignore
    arg [/usr/lib/gcc/x86_64-linux-gnu/12/liblto_plugin.so] ==> ignore
    arg [-plugin-opt=/usr/lib/gcc/x86_64-linux-gnu/12/lto-wrapper] ==> ignore
    arg [-plugin-opt=-fresolution=/tmp/ccnLTnXP.res] ==> ignore
    arg [-plugin-opt=-pass-through=-lgcc] ==> ignore
    arg [-plugin-opt=-pass-through=-lgcc_s] ==> ignore
    arg [-plugin-opt=-pass-through=-lc] ==> ignore
    arg [-plugin-opt=-pass-through=-lgcc] ==> ignore
    arg [-plugin-opt=-pass-through=-lgcc_s] ==> ignore
    arg [--build-id] ==> ignore
    arg [--eh-frame-hdr] ==> ignore
    arg [-m] ==> ignore
    arg [elf_x86_64] ==> ignore
    arg [--hash-style=gnu] ==> ignore
    arg [--as-needed] ==> ignore
    arg [-dynamic-linker] ==> ignore
    arg [/lib64/ld-linux-x86-64.so.2] ==> ignore
    arg [-pie] ==> ignore
    arg [-o] ==> ignore
    arg [cmTC_a75b6] ==> ignore
    arg [/usr/lib/gcc/x86_64-linux-gnu/12/../../../x86_64-linux-gnu/Scrt1.o] ==> obj [/usr/lib/gcc/x86_64-linux-gnu/12/../../../x86_64-linux-gnu/Scrt1.o]
    arg [/usr/lib/gcc/x86_64-linux-gnu/12/../../../x86_64-linux-gnu/crti.o] ==> obj [/usr/lib/gcc/x86_64-linux-gnu/12/../../../x86_64-linux-gnu/crti.o]
    arg [/usr/lib/gcc/x86_64-linux-gnu/12/crtbeginS.o] ==> obj [/usr/lib/gcc/x86_64-linux-gnu/12/crtbeginS.o]
    arg [-L/usr/lib/gcc/x86_64-linux-gnu/12] ==> dir [/usr/lib/gcc/x86_64-linux-gnu/12]
    arg [-L/usr/lib/gcc/x86_64-linux-gnu/12/../../../x86_64-linux-gnu] ==> dir [/usr/lib/gcc/x86_64-linux-gnu/12/../../../x86_64-linux-gnu]
    arg [-L/usr/lib/gcc/x86_64-linux-gnu/12/../../../../lib] ==> dir [/usr/lib/gcc/x86_64-linux-gnu/12/../../../../lib]
    arg [-L/lib/x86_64-linux-gnu] ==> dir [/lib/x86_64-linux-gnu]
    arg [-L/lib/../lib] ==> dir [/lib/../lib]
    arg [-L/usr/lib/x86_64-linux-gnu] ==> dir [/usr/lib/x86_64-linux-gnu]
    arg [-L/usr/lib/../lib] ==> dir [/usr/lib/../lib]
    arg [-L/usr/lib/gcc/x86_64-linux-gnu/12/../../..] ==> dir [/usr/lib/gcc/x86_64-linux-gnu/12/../../..]
    arg [CMakeFiles/cmTC_a75b6.dir/CMakeCCompilerABI.c.o] ==> ignore
    arg [-lgcc] ==> lib [gcc]
    arg [--push-state] ==> ignore
    arg [--as-needed] ==> ignore
    arg [-lgcc_s] ==> lib [gcc_s]
    arg [--pop-state] ==> ignore
    arg [-lc] ==> lib [c]
    arg [-lgcc] ==> lib [gcc]
    arg [--push-state] ==> ignore
    arg [--as-needed] ==> ignore
    arg [-lgcc_s] ==> lib [gcc_s]
    arg [--pop-state] ==> ignore
    arg [/usr/lib/gcc/x86_64-linux-gnu/12/crtendS.o] ==> obj [/usr/lib/gcc/x86_64-linux-gnu/12/crtendS.o]
    arg [/usr/lib/gcc/x86_64-linux-gnu/12/../../../x86_64-linux-gnu/crtn.o] ==> obj [/usr/lib/gcc/x86_64-linux-gnu/12/../../../x86_64-linux-gnu/crtn.o]
  collapse obj [/usr/lib/gcc/x86_64-linux-gnu/12/../../../x86_64-linux-gnu/Scrt1.o] ==> [/usr/lib/x86_64-linux-gnu/Scrt1.o]
  collapse obj [/usr/lib/gcc/x86_64-linux-gnu/12/../../../x86_64-linux-gnu/crti.o] ==> [/usr/lib/x86_64-linux-gnu/crti.o]
  collapse obj [/usr/lib/gcc/x86_64-linux-gnu/12/../../../x86_64-linux-gnu/crtn.o] ==> [/usr/lib/x86_64-linux-gnu/crtn.o]
  collapse library dir [/usr/lib/gcc/x86_64-linux-gnu/12] ==> [/usr/lib/gcc/x86_64-linux-gnu/12]
  collapse library dir [/usr/lib/gcc/x86_64-linux-gnu/12/../../../x86_64-linux-gnu] ==> [/usr/lib/x86_64-linux-gnu]
  collapse library dir [/usr/lib/gcc/x86_64-linux-gnu/12/../../../../lib] ==> [/usr/lib]
  collapse library dir [/lib/x86_64-linux-gnu] ==> [/lib/x86_64-linux-gnu]
  collapse library dir [/lib/../lib] ==> [/lib]
  collapse library dir [/usr/lib/x86_64-linux-gnu] ==> [/usr/lib/x86_64-linux-gnu]
  collapse library dir [/usr/lib/../lib] ==> [/usr/lib]
  collapse library dir [/usr/lib/gcc/x86_64-linux-gnu/12/../../..] ==> [/usr/lib]
  implicit libs: [gcc;gcc_s;c;gcc;gcc_s]
  implicit objs: [/usr/lib/x86_64-linux-gnu/Scrt1.o;/usr/lib/x86_64-linux-gnu/crti.o;/usr/lib/gcc/x86_64-linux-gnu/12/crtbeginS.o;/usr/lib/gcc/x86_64-linux-gnu/12/crtendS.o;/usr/lib/x86_64-linux-gnu/crtn.o]
  implicit dirs: [/usr/lib/gcc/x86_64-linux-gnu/12;/usr/lib/x86_64-linux-gnu;/usr/lib;/lib/x86_64-linux-gnu;/lib]
  implicit fwks: []


Detecting CXX compiler ABI info compiled with the following output:
Change Dir: /home/feng/Projects/myapp/build/CMakeFiles/CMakeScratch/TryCompile-6fXHvi

Run Build Command(s):/usr/bin/gmake -f Makefile cmTC_67dd0/fast && /usr/bin/gmake  -f CMakeFiles/cmTC_67dd0.dir/build.make CMakeFiles/cmTC_67dd0.dir/build
gmake[1]: Entering directory '/home/feng/Projects/myapp/build/CMakeFiles/CMakeScratch/TryCompile-6fXHvi'
Building CXX object CMakeFiles/cmTC_67dd0.dir/CMakeCXXCompilerABI.cpp.o
/usr/bin/c++   -v -o CMakeFiles/cmTC_67dd0.dir/CMakeCXXCompilerABI.cpp.o -c /usr/share/cmake-3.25/Modules/CMakeCXXCompilerABI.cpp
Using built-in specs.
COLLECT_GCC=/usr/bin/c++
OFFLOAD_TARGET_NAMES=nvptx-none:amdgcn-amdhsa
OFFLOAD_TARGET_DEFAULT=1
Target: x86_64-linux-gnu
Configured with: ../src/configure -v --with-pkgversion='Debian 12.2.0-14+deb12u1' --with-bugurl=file:///usr/share/doc/gcc-12/README.Bugs --enable-languages=c,ada,c++,go,d,fortran,objc,obj-c++,m2 --prefix=/usr --with-gcc-major-version-only --program-suffix=-12 --program-prefix=x86_64-linux-gnu- --enable-shared --enable-linker-build-id --libexecdir=/usr/lib --without-included-gettext --enable-threads=posix --libdir=/usr/lib --enable-nls --enable-clocale=gnu --enable-libstdcxx-debug --enable-libstdcxx-time=yes --with-default-libstdcxx-abi=new --enable-gnu-unique-object --disable-vtable-verify --enable-plugin --enable-default-pie --with-system-zlib --enable-libphobos-checking=release --with-target-system-zlib=auto --enable-objc-gc=auto --enable-multiarch --disable-werror --enable-cet --with-arch-32=i686 --with-abi=m64 --with-multilib-list=m32,m64,mx32 --enable-multilib --with-tune=generic --enable-offload-targets=nvptx-none=/build/reproducible-path/gcc-12-12.2.0/debian/tmp-nvptx/usr,amdgcn-amdhsa=/build/reproducible-path/gcc-12-12.2.0/debian/tmp-gcn/usr --enable-offload-defaulted --without-cuda-driver --enable-checking=release --build=x86_64-linux-gnu --host=x86_64-linux-gnu --target=x86_64-linux-gnu
Thread model: posix
Supported LTO compression algorithms: zlib zstd
gcc version 12.2.0 (Debian 12.2.0-14+deb12u1) 
COLLECT_GCC_OPTIONS='-v' '-o' 'CMakeFiles/cmTC_67dd0.dir/CMakeCXXCompilerABI.cpp.o' '-c' '-shared-libgcc' '-mtune=generic' '-march=x86-64' '-dumpdir' 'CMakeFiles/cmTC_67dd0.dir/'
 /usr/lib/gcc/x86_64-linux-gnu/12/cc1plus -quiet -v -imultiarch x86_64-linux-gnu -D_GNU_SOURCE /usr/share/cmake-3.25/Modules/CMakeCXXCompilerABI.cpp -quiet -dumpdir CMakeFiles/cmTC_67dd0.dir/ -dumpbase CMakeCXXCompilerABI.cpp.cpp -dumpbase-ext .cpp -mtune=generic -march=x86-64 -version -fasynchronous-unwind-tables -o /tmp/cc5OKomo.s
GNU C++17 (Debian 12.2.0-14+deb12u1) version 12.2.0 (x86_64-linux-gnu)
	compiled by GNU C version 12.2.0, GMP version 6.2.1, MPFR version 4.2.0, MPC version 1.3.1, isl version isl-0.25-GMP

GGC heuristics: --param ggc-min-expand=100 --param ggc-min-heapsize=131072
ignoring duplicate directory "/usr/include/x86_64-linux-gnu/c++/12"
ignoring nonexistent directory "/usr/local/include/x86_64-linux-gnu"
ignoring nonexistent directory "/usr/lib/gcc/x86_64-linux-gnu/12/include-fixed"
ignoring nonexistent directory "/usr/lib/gcc/x86_64-linux-gnu/12/../../../../x86_64-linux-gnu/include"
#include "..." search starts here:
#include <...> search starts here:
 /usr/include/c++/12
 /usr/include/x86_64-linux-gnu/c++/12
 /usr/include/c++/12/backward
 /usr/lib/gcc/x86_64-linux-gnu/12/include
 /usr/local/include
 /usr/include/x86_64-linux-gnu
 /usr/include
End of search list.
GNU C++17 (Debian 12.2.0-14+deb12u1) version 12.2.0 (x86_64-linux-gnu)
	compiled by GNU C version 12.2.0, GMP version 6.2.1, MPFR version 4.2.0, MPC version 1.3.1, isl version isl-0.25-GMP

GGC heuristics: --param ggc-min-expand=100 --param ggc-min-heapsize=131072
Compiler executable checksum: 18a4c0b3348b838f5ec9d956298050ac
COLLECT_GCC_OPTIONS='-v' '-o' 'CMakeFiles/cmTC_67dd0.dir/CMakeCXXCompilerABI.cpp.o' '-c' '-shared-libgcc' '-mtune=generic' '-march=x86-64' '-dumpdir' 'CMakeFiles/cmTC_67dd0.dir/'
 as -v --64 -o CMakeFiles/cmTC_67dd0.dir/CMakeCXXCompilerABI.cpp.o /tmp/cc5OKomo.s
GNU assembler version 2.40 (x86_64-linux-gnu) using BFD version (GNU Binutils for Debian) 2.40
COMPILER_PATH=/usr/lib/gcc/x86_64-linux-gnu/12/:/usr/lib/gcc/x86_64-linux-gnu/12/:/usr/lib/gcc/x86_64-linux-gnu/:/usr/lib/gcc/x86_64-linux-gnu/12/:/usr/lib/gcc/x86_64-linux-gnu/
LIBRARY_PATH=/usr/lib/gcc/x86_64-linux-gnu/12/:/usr/lib/gcc/x86_64-linux-gnu/12/../../../x86_64-linux-gnu/:/usr/lib/gcc/x86_64-linux-gnu/12/../../../../lib/:/lib/x86_64-linux-gnu/:/lib/../lib/:/usr/lib/x86_64-linux-gnu/:/usr/lib/../lib/:/usr/lib/gcc/x86_64-linux-gnu/12/../../../:/lib/:/usr/lib/
COLLECT_GCC_OPTIONS='-v' '-o' 'CMakeFiles/cmTC_67dd0.dir/CMakeCXXCompilerABI.cpp.o' '-c' '-shared-libgcc' '-mtune=generic' '-march=x86-64' '-dumpdir' 'CMakeFiles/cmTC_67dd0.dir/CMakeCXXCompilerABI.cpp.'
Linking CXX executable cmTC_67dd0
/usr/bin/cmake -E cmake_link_script CMakeFiles/cmTC_67dd0.dir/link.txt --verbose=1
/usr/bin/c++  -v CMakeFiles/cmTC_67dd0.dir/CMakeCXXCompilerABI.cpp.o -o cmTC_67dd0 
Using built-in specs.
COLLECT_GCC=/usr/bin/c++
COLLECT_LTO_WRAPPER=/usr/lib/gcc/x86_64-linux-gnu/12/lto-wrapper
OFFLOAD_TARGET_NAMES=nvptx-none:amdgcn-amdhsa
OFFLOAD_TARGET_DEFAULT=1
Target: x86_64-linux-gnu
Configured with: ../src/configure -v --with-pkgversion='Debian 12.2.0-14+deb12u1' --with-bugurl=file:///usr/share/doc/gcc-12/README.Bugs --enable-languages=c,ada,c++,go,d,fortran,objc,obj-c++,m2 --prefix=/usr --with-gcc-major-version-only --program-suffix=-12 --program-prefix=x86_64-linux-gnu- --enable-shared --enable-linker-build-id --libexecdir=/usr/lib --without-included-gettext --enable-threads=posix --libdir=/usr/lib --enable-nls --enable-clocale=gnu --enable-libstdcxx-debug --enable-libstdcxx-time=yes --with-default-libstdcxx-abi=new --enable-gnu-unique-object --disable-vtable-verify --enable-plugin --enable-default-pie --with-system-zlib --enable-libphobos-checking=release --with-target-system-zlib=auto --enable-objc-gc=auto --enable-multiarch --disable-werror --enable-cet --with-arch-32=i686 --with-abi=m64 --with-multilib-list=m32,m64,mx32 --enable-multilib --with-tune=generic --enable-offload-targets=nvptx-none=/build/reproducible-path/gcc-12-12.2.0/debian/tmp-nvptx/usr,amdgcn-amdhsa=/build/reproducible-path/gcc-12-12.2.0/debian/tmp-gcn/usr --enable-offload-defaulted --without-cuda-driver --enable-checking=release --build=x86_64-linux-gnu --host=x86_64-linux-gnu --target=x86_64-linux-gnu
Thread model: posix
Supported LTO compression algorithms: zlib zstd
gcc version 12.2.0 (Debian 12.2.0-14+deb12u1) 
COMPILER_PATH=/usr/lib/gcc/x86_64-linux-gnu/12/:/usr/lib/gcc/x86_64-linux-gnu/12/:/usr/lib/gcc/x86_64-linux-gnu/:/usr/lib/gcc/x86_64-linux-gnu/12/:/usr/lib/gcc/x86_64-linux-gnu/
LIBRARY_PATH=/usr/lib/gcc/x86_64-linux-gnu/12/:/usr/lib/gcc/x86_64-linux-gnu/12/../../../x86_64-linux-gnu/:/usr/lib/gcc/x86_64-linux-gnu/12/../../../../lib/:/lib/x86_64-linux-gnu/:/lib/../lib/:/usr/lib/x86_64-linux-gnu/:/usr/lib/../lib/:/usr/lib/gcc/x86_64-linux-gnu/12/../../../:/lib/:/usr/lib/
COLLECT_GCC_OPTIONS='-v' '-o' 'cmTC_67dd0' '-shared-libgcc' '-mtune=generic' '-march=x86-64' '-dumpdir' 'cmTC_67dd0.'
 /usr/lib/gcc/x86_64-linux-gnu/12/collect2 -plugin /usr/lib/gcc/x86_64-linux-gnu/12/liblto_plugin.so -plugin-opt=/usr/lib/gcc/x86_64-linux-gnu/12/lto-wrapper -plugin-opt=-fresolution=/tmp/cc1XTfmn.res -plugin-opt=-pass-through=-lgcc_s -plugin-opt=-pass-through=-lgcc -plugin-opt=-pass-through=-lc -plugin-opt=-pass-through=-lgcc_s -plugin-opt=-pass-through=-lgcc --build-id --eh-frame-hdr -m elf_x86_64 --hash-style=gnu --as-needed -dynamic-linker /lib64/ld-linux-x86-64.so.2 -pie -o cmTC_67dd0 /usr/lib/gcc/x86_64-linux-gnu/12/../../../x86_64-linux-gnu/Scrt1.o /usr/lib/gcc/x86_64-linux-gnu/12/../../../x86_64-linux-gnu/crti.o /usr/lib/gcc/x86_64-linux-gnu/12/crtbeginS.o -L/usr/lib/gcc/x86_64-linux-gnu/12 -L/usr/lib/gcc/x86_64-linux-gnu/12/../../../x86_64-linux-gnu -L/usr/lib/gcc/x86_64-linux-gnu/12/../../../../lib -L/lib/x86_64-linux-gnu -L/lib/../lib -L/usr/lib/x86_64-linux-gnu -L/usr/lib/../lib -L/usr/lib/gcc/x86_64-linux-gnu/12/../../.. CMakeFiles/cmTC_67dd0.dir/CMakeCXXCompilerABI.cpp.o -lstdc++ -lm -lgcc_s -lgcc -lc -lgcc_s -lgcc /usr/lib/gcc/x86_64-linux-gnu/12/crtendS.o /usr/lib/gcc/x86_64-linux-gnu/12/../../../x86_64-linux-gnu/crtn.o
COLLECT_GCC_OPTIONS='-v' '-o' 'cmTC_67dd0' '-shared-libgcc' '-mtune=generic' '-march=x86-64' '-dumpdir' 'cmTC_67dd0.'
gmake[1]: Leaving directory '/home/feng/Projects/myapp/build/CMakeFiles/CMakeScratch/TryCompile-6fXHvi'



Parsed CXX implicit include dir info from above output: rv=done
  found start of include info
  found start of implicit include info
    add: [/usr/include/c++/12]
    add: [/usr/include/x86_64-linux-gnu/c++/12]
    add: [/usr/include/c++/12/backward]
    add: [/usr/lib/gcc/x86_64-linux-gnu/12/include]
    add: [/usr/local/include]
    add: [/usr/include/x86_64-linux-gnu]
    add: [/usr/include]
  end of search list found
  collapse include dir [/usr/include/c++/12] ==> [/usr/include/c++/12]
  collapse include dir [/usr/include/x86_64-linux-gnu/c++/12] ==> [/usr/include/x86_64-linux-gnu/c++/12]
  collapse include dir [/usr/include/c++/12/backward] ==> [/usr/include/c++/12/backward]
  collapse include dir [/usr/lib/gcc/x86_64-linux-gnu/12/include] ==> [/usr/lib/gcc/x86_64-linux-gnu/12/include]
  collapse include dir [/usr/local/include] ==> [/usr/local/include]
  collapse include dir [/usr/include/x86_64-linux-gnu] ==> [/usr/include/x86_64-linux-gnu]
  collapse include dir [/usr/include] ==> [/usr/include]
  implicit include dirs: [/usr/include/c++/12;/usr/include/x86_64-linux-gnu/c++/12;/usr/include/c++/12/backward;/usr/lib/gcc/x86_64-linux-gnu/12/include;/usr/local/include;/usr/include/x86_64-linux-gnu;/usr/include]


Parsed CXX implicit link information from above output:
  link line regex: [^( *|.*[/\])(ld|CMAKE_LINK_STARTFILE-NOTFOUND|([^/\]+-)?ld|collect2)[^/\]*( |$)]
  ignore line: [Change Dir: /home/feng/Projects/myapp/build/CMakeFiles/CMakeScratch/TryCompile-6fXHvi]
  ignore line: []
  ignore line: [Run Build Command(s):/usr/bin/gmake -f Makefile cmTC_67dd0/fast && /usr/bin/gmake  -f CMakeFiles/cmTC_67dd0.dir/build.make CMakeFiles/cmTC_67dd0.dir/build]
  ignore line: [gmake[1]: Entering directory '/home/feng/Projects/myapp/build/CMakeFiles/CMakeScratch/TryCompile-6fXHvi']
  ignore line: [Building CXX object CMakeFiles/cmTC_67dd0.dir/CMakeCXXCompilerABI.cpp.o]
  ignore line: [/usr/bin/c++   -v -o CMakeFiles/cmTC_67dd0.dir/CMakeCXXCompilerABI.cpp.o -c /usr/share/cmake-3.25/Modules/CMakeCXXCompilerABI.cpp]
  ignore line: [Using built-in specs.]
  ignore line: [COLLECT_GCC=/usr/bin/c++]
  ignore line: [OFFLOAD_TARGET_NAMES=nvptx-none:amdgcn-amdhsa]
  ignore line: [OFFLOAD_TARGET_DEFAULT=1]
  ignore line: [Target: x86_64-linux-gnu]
  ignore line: [Configured with: ../src/configure -v --with-pkgversion='Debian 12.2.0-14+deb12u1' --with-bugurl=file:///usr/share/doc/gcc-12/README.Bugs --enable-languages=c ada c++ go d fortran objc obj-c++ m2 --prefix=/usr --with-gcc-major-version-only --program-suffix=-12 --program-prefix=x86_64-linux-gnu- --enable-shared --enable-linker-build-id --libexecdir=/usr/lib --without-included-gettext --enable-threads=posix --libdir=/usr/lib --enable-nls --enable-clocale=gnu --enable-libstdcxx-debug --enable-libstdcxx-time=yes --with-default-libstdcxx-abi=new --enable-gnu-unique-object --disable-vtable-verify --enable-plugin --enable-default-pie --with-system-zlib --enable-libphobos-checking=release --with-target-system-zlib=auto --enable-objc-gc=auto --enable-multiarch --disable-werror --enable-cet --with-arch-32=i686 --with-abi=m64 --with-multilib-list=m32 m64 mx32 --enable-multilib --with-tune=generic --enable-offload-targets=nvptx-none=/build/reproducible-path/gcc-12-12.2.0/debian/tmp-nvptx/usr amdgcn-amdhsa=/build/reproducible-path/gcc-12-12.2.0/debian/tmp-gcn/usr --enable-offload-defaulted --without-cuda-driver --enable-checking=release --build=x86_64-linux-gnu --host=x86_64-linux-gnu --target=x86_64-linux-gnu]
  ignore line: [Thread model: posix]
  ignore line: [Supported LTO compression algorithms: zlib zstd]
  ignore line: [gcc version 12.2.0 (Debian 12.2.0-14+deb12u1) ]
  ignore line: [COLLECT_GCC_OPTIONS='-v' '-o' 'CMakeFiles/cmTC_67dd0.dir/CMakeCXXCompilerABI.cpp.o' '-c' '-shared-libgcc' '-mtune=generic' '-march=x86-64' '-dumpdir' 'CMakeFiles/cmTC_67dd0.dir/']
  ignore line: [ /usr/lib/gcc/x86_64-linux-gnu/12/cc1plus -quiet -v -imultiarch x86_64-linux-gnu -D_GNU_SOURCE /usr/share/cmake-3.25/Modules/CMakeCXXCompilerABI.cpp -quiet -dumpdir CMakeFiles/cmTC_67dd0.dir/ -dumpbase CMakeCXXCompilerABI.cpp.cpp -dumpbase-ext .cpp -mtune=generic -march=x86-64 -version -fasynchronous-unwind-tables -o /tmp/cc5OKomo.s]
  ignore line: [GNU C++17 (Debian 12.2.0-14+deb12u1) version 12.2.0 (x86_64-linux-gnu)]
  ignore line: [	compiled by GNU C version 12.2.0  GMP version 6.2.1  MPFR version 4.2.0  MPC version 1.3.1  isl version isl-0.25-GMP]
  ignore line: []
  ignore line: [GGC heuristics: --param ggc-min-expand=100 --param ggc-min-heapsize=131072]
  ignore line: [ignoring duplicate directory "/usr/include/x86_64-linux-gnu/c++/12"]
  ignore line: [ignoring nonexistent directory "/usr/local/include/x86_64-linux-gnu"]
  ignore line: [ignoring nonexistent directory "/usr/lib/gcc/x86_64-linux-gnu/12/include-fixed"]
  ignore line: [ignoring nonexistent directory "/usr/lib/gcc/x86_64-linux-gnu/12/../../../../x86_64-linux-gnu/include"]
  ignore line: [#include "..." search starts here:]
  ignore line: [#include <...> search starts here:]
  ignore line: [ /usr/include/c++/12]
  ignore line: [ /usr/include/x86_64-linux-gnu/c++/12]
  ignore line: [ /usr/include/c++/12/backward]
  ignore line: [ /usr/lib/gcc/x86_64-linux-gnu/12/include]
  ignore line: [ /usr/local/include]
  ignore line: [ /usr/include/x86_64-linux-gnu]
  ignore line: [ /usr/include]
  ignore line: [End of search list.]
  ignore line: [GNU C++17 (Debian 12.2.0-14+deb12u1) version 12.2.0 (x86_64-linux-gnu)]
  ignore line: [	compiled by GNU C version 12.2.0  GMP version 6.2.1  MPFR version 4.2.0  MPC version 1.3.1  isl version isl-0.25-GMP]
  ignore line: []
  ignore line: [GGC heuristics: --param ggc-min-expand=100 --param ggc-min-heapsize=131072]
  ignore line: [Compiler executable checksum: 18a4c0b3348b838f5ec9d956298050ac]
  ignore line: [COLLECT_GCC_OPTIONS='-v' '-o' 'CMakeFiles/cmTC_67dd0.dir/CMakeCXXCompilerABI.cpp.o' '-c' '-shared-libgcc' '-mtune=generic' '-march=x86-64' '-dumpdir' 'CMakeFiles/cmTC_67dd0.dir/']
  ignore line: [ as -v --64 -o CMakeFiles/cmTC_67dd0.dir/CMakeCXXCompilerABI.cpp.o /tmp/cc5OKomo.s]
  ignore line: [GNU assembler version 2.40 (x86_64-linux-gnu) using BFD version (GNU Binutils for Debian) 2.40]
  ignore line: [COMPILER_PATH=/usr/lib/gcc/x86_64-linux-gnu/12/:/usr/lib/gcc/x86_64-linux-gnu/12/:/usr/lib/gcc/x86_64-linux-gnu/:/usr/lib/gcc/x86_64-linux-gnu/12/:/usr/lib/gcc/x86_64-linux-gnu/]
  ignore line: [LIBRARY_PATH=/usr/lib/gcc/x86_64-linux-gnu/12/:/usr/lib/gcc/x86_64-linux-gnu/12/../../../x86_64-linux-gnu/:/usr/lib/gcc/x86_64-linux-gnu/12/../../../../lib/:/lib/x86_64-linux-gnu/:/lib/../lib/:/usr/lib/x86_64-linux-gnu/:/usr/lib/../lib/:/usr/lib/gcc/x86_64-linux-gnu/12/../../../:/lib/:/usr/lib/]
  ignore line: [COLLECT_GCC_OPTIONS='-v' '-o' 'CMakeFiles/cmTC_67dd0.dir/CMakeCXXCompilerABI.cpp.o' '-c' '-shared-libgcc' '-mtune=generic' '-march=x86-64' '-dumpdir' 'CMakeFiles/cmTC_67dd0.dir/CMakeCXXCompilerABI.cpp.']
  ignore line: [Linking CXX executable cmTC_67dd0]
  ignore line: [/usr/bin/cmake -E cmake_link_script CMakeFiles/cmTC_67dd0.dir/link.txt --verbose=1]
  ignore line: [/usr/bin/c++  -v CMakeFiles/cmTC_67dd0.dir/CMakeCXXCompilerABI.cpp.o -o cmTC_67dd0 ]
  ignore line: [Using built-in specs.]
  ignore line: [COLLECT_GCC=/usr/bin/c++]
  ignore line: [COLLECT_LTO_WRAPPER=/usr/lib/gcc/x86_64-linux-gnu/12/lto-wrapper]
  ignore line: [OFFLOAD_TARGET_NAMES=nvptx-none:amdgcn-amdhsa]
  ignore line: [OFFLOAD_TARGET_DEFAULT=1]
  ignore line: [Target: x86_64-linux-gnu]
  ignore line: [Configured with: ../src/configure -v --with-pkgversion='Debian 12.2.0-14+deb12u1' --with-bugurl=file:///usr/share/doc/gcc-12/README.Bugs --enable-languages=c ada c++ go d fortran objc obj-c++ m2 --prefix=/usr --with-gcc-major-version-only --program-suffix=-12 --program-prefix=x86_64-linux-gnu- --enable-shared --enable-linker-build-id --libexecdir=/usr/lib --without-included-gettext --enable-threads=posix --libdir=/usr/lib --enable-nls --enable-clocale=gnu --enable-libstdcxx-debug --enable-libstdcxx-time=yes --with-default-libstdcxx-abi=new --enable-gnu-unique-object --disable-vtable-verify --enable-plugin --enable-default-pie --with-system-zlib --enable-libphobos-checking=release --with-target-system-zlib=auto --enable-objc-gc=auto --enable-multiarch --disable-werror --enable-cet --with-arch-32=i686 --with-abi=m64 --with-multilib-list=m32 m64 mx32 --enable-multilib --with-tune=generic --enable-offload-targets=nvptx-none=/build/reproducible-path/gcc-12-12.2.0/debian/tmp-nvptx/usr amdgcn-amdhsa=/build/reproducible-path/gcc-12-12.2.0/debian/tmp-gcn/usr --enable-offload-defaulted --without-cuda-driver --enable-checking=release --build=x86_64-linux-gnu --host=x86_64-linux-gnu --target=x86_64-linux-gnu]
  ignore line: [Thread model: posix]
  ignore line: [Supported LTO compression algorithms: zlib zstd]
  ignore line: [gcc version 12.2.0 (Debian 12.2.0-14+deb12u1) ]
  ignore line: [COMPILER_PATH=/usr/lib/gcc/x86_64-linux-gnu/12/:/usr/lib/gcc/x86_64-linux-gnu/12/:/usr/lib/gcc/x86_64-linux-gnu/:/usr/lib/gcc/x86_64-linux-gnu/12/:/usr/lib/gcc/x86_64-linux-gnu/]
  ignore line: [LIBRARY_PATH=/usr/lib/gcc/x86_64-linux-gnu/12/:/usr/lib/gcc/x86_64-linux-gnu/12/../../../x86_64-linux-gnu/:/usr/lib/gcc/x86_64-linux-gnu/12/../../../../lib/:/lib/x86_64-linux-gnu/:/lib/../lib/:/usr/lib/x86_64-linux-gnu/:/usr/lib/../lib/:/usr/lib/gcc/x86_64-linux-gnu/12/../../../:/lib/:/usr/lib/]
  ignore line: [COLLECT_GCC_OPTIONS='-v' '-o' 'cmTC_67dd0' '-shared-libgcc' '-mtune=generic' '-march=x86-64' '-dumpdir' 'cmTC_67dd0.']
  link line: [ /usr/lib/gcc/x86_64-linux-gnu/12/collect2 -plugin /usr/lib/gcc/x86_64-linux-gnu/12/liblto_plugin.so -plugin-opt=/usr/lib/gcc/x86_64-linux-gnu/12/lto-wrapper -plugin-opt=-fresolution=/tmp/cc1XTfmn.res -plugin-opt=-pass-through=-lgcc_s -plugin-opt=-pass-through=-lgcc -plugin-opt=-pass-through=-lc -plugin-opt=-pass-through=-lgcc_s -plugin-opt=-pass-through=-lgcc --build-id --eh-frame-hdr -m elf_x86_64 --hash-style=gnu --as-needed -dynamic-linker /lib64/ld-linux-x86-64.so.2 -pie -o cmTC_67dd0 /usr/lib/gcc/x86_64-linux-gnu/12/../../../x86_64-linux-gnu/Scrt1.o /usr/lib/gcc/x86_64-linux-gnu/12/../../../x86_64-linux-gnu/crti.o /usr/lib/gcc/x86_64-linux-gnu/12/crtbeginS.o -L/usr/lib/gcc/x86_64-linux-gnu/12 -L/usr/lib/gcc/x86_64-linux-gnu/12/../../../x86_64-linux-gnu -L/usr/lib/gcc/x86_64-linux-gnu/12/../../../../lib -L/lib/x86_64-linux-gnu -L/lib/../lib -L/usr/lib/x86_64-linux-gnu -L/usr/lib/../lib -L/usr/lib/gcc/x86_64-linux-gnu/12/../../.. CMakeFiles/cmTC_67dd0.dir/CMakeCXXCompilerABI.cpp.o -lstdc++ -lm -lgcc_s -lgcc -lc -lgcc_s -lgcc /usr/lib/gcc/x86_64-linux-gnu/12/crtendS.o /usr/lib/gcc/x86_64-linux-gnu/12/../../../x86_64-linux-gnu/crtn.o]
    arg [/usr/lib/gcc/x86_64-linux-gnu/12/collect2] ==> ignore
    arg [-plugin] ==> ignore
    arg [/usr/lib/gcc/x86_64-linux-gnu/12/liblto_plugin.so] ==> ignore
    arg [-plugin-opt=/usr/lib/gcc/x86_64-linux-gnu/12/lto-wrapper] ==> ignore
    arg [-plugin-opt=-fresolution=/tmp/cc1XTfmn.res] ==> ignore
    arg [-plugin-opt=-pass-through=-lgcc_s] ==> ignore
    arg [-plugin-opt=-pass-through=-lgcc] ==> ignore
    arg [-plugin-opt=-pass-through=-lc] ==> ignore
    arg [-plugin-opt=-pass-through=-lgcc_s] ==> ignore
    arg [-plugin-opt=-pass-through=-lgcc] ==> ignore
    arg [--build-id] ==> ignore
    arg [--eh-frame-hdr] ==> ignore
    arg [-m] ==> ignore
    arg [elf_x86_64] ==> ignore
    arg [--hash-style=gnu] ==> ignore
    arg [--as-needed] ==> ignore
    arg [-dynamic-linker] ==> ignore
    arg [/lib64/ld-linux-x86-64.so.2] ==> ignore
    arg [-pie] ==> ignore
    arg [-o] ==> ignore
    arg [cmTC_67dd0] ==> ignore
    arg [/usr/lib/gcc/x86_64-linux-gnu/12/../../../x86_64-linux-gnu/Scrt1.o] ==> obj [/usr/lib/gcc/x86_64-linux-gnu/12/../../../x86_64-linux-gnu/Scrt1.o]
    arg [/usr/lib/gcc/x86_64-linux-gnu/12/../../../x86_64-linux-gnu/crti.o] ==> obj [/usr/lib/gcc/x86_64-linux-gnu/12/../../../x86_64-linux-gnu/crti.o]
    arg [/usr/lib/gcc/x86_64-linux-gnu/12/crtbeginS.o] ==> obj [/usr/lib/gcc/x86_64-linux-gnu/12/crtbeginS.o]
    arg [-L/usr/lib/gcc/x86_64-linux-gnu/12] ==> dir [/usr/lib/gcc/x86_64-linux-gnu/12]
    arg [-L/usr/lib/gcc/x86_64-linux-gnu/12/../../../x86_64-linux-gnu] ==> dir [/usr/lib/gcc/x86_64-linux-gnu/12/../../../x86_64-linux-gnu]
    arg [-L/usr/lib/gcc/x86_64-linux-gnu/12/../../../../lib] ==> dir [/usr/lib/gcc/x86_64-linux-gnu/12/../../../../lib]
    arg [-L/lib/x86_64-linux-gnu] ==> dir [/lib/x86_64-linux-gnu]
    arg [-L/lib/../lib] ==> dir [/lib/../lib]
    arg [-L/usr/lib/x86_64-linux-gnu] ==> dir [/usr/lib/x86_64-linux-gnu]
    arg [-L/usr/lib/../lib] ==> dir [/usr/lib/../lib]
    arg [-L/usr/lib/gcc/x86_64-linux-gnu/12/../../..] ==> dir [/usr/lib/gcc/x86_64-linux-gnu/12/../../..]
    arg [CMakeFiles/cmTC_67dd0.dir/CMakeCXXCompilerABI.cpp.o] ==> ignore
    arg [-lstdc++] ==> lib [stdc++]
    arg [-lm] ==> lib [m]
    arg [-lgcc_s] ==> lib [gcc_s]
    arg [-lgcc] ==> lib [gcc]
    arg [-lc] ==> lib [c]
    arg [-lgcc_s] ==> lib [gcc_s]
    arg [-lgcc] ==> lib [gcc]
    arg [/usr/lib/gcc/x86_64-linux-gnu/12/crtendS.o] ==> obj [/usr/lib/gcc/x86_64-linux-gnu/12/crtendS.o]
    arg [/usr/lib/gcc/x86_64-linux-gnu/12/../../../x86_64-linux-gnu/crtn.o] ==> obj [/usr/lib/gcc/x86_64-linux-gnu/12/../../../x86_64-linux-gnu/crtn.o]
  collapse obj [/usr/lib/gcc/x86_64-linux-gnu/12/../../../x86_64-linux-gnu/Scrt1.o] ==> [/usr/lib/x86_64-linux-gnu/Scrt1.o]
  collapse obj [/usr/lib/gcc/x86_64-linux-gnu/12/../../../x86_64-linux-gnu/crti.o] ==> [/usr/lib/x86_64-linux-gnu/crti.o]
  collapse obj [/usr/lib/gcc/x86_64-linux-gnu/12/../../../x86_64-linux-gnu/crtn.o] ==> [/usr/lib/x86_64-linux-gnu/crtn.o]
  collapse library dir [/usr/lib/gcc/x86_64-linux-gnu/12] ==> [/usr/lib/gcc/x86_64-linux-gnu/12]
  collapse library dir [/usr/lib/gcc/x86_64-linux-gnu/12/../../../x86_64-linux-gnu] ==> [/usr/lib/x86_64-linux-gnu]
  collapse library dir [/usr/lib/gcc/x86_64-linux-gnu/12/../../../../lib] ==> [/usr/lib]
  collapse library dir [/lib/x86_64-linux-gnu] ==> [/lib/x86_64-linux-gnu]
  collapse library dir [/lib/../lib] ==> [/lib]
  collapse library dir [/usr/lib/x86_64-linux-gnu] ==> [/usr/lib/x86_64-linux-gnu]
  collapse library dir [/usr/lib/../lib] ==> [/usr/lib]
  collapse library dir [/usr/lib/gcc/x86_64-linux-gnu/12/../../..] ==> [/usr/lib]
  implicit libs: [stdc++;m;gcc_s;gcc;c;gcc_s;gcc]
  implicit objs: [/usr/lib/x86_64-linux-gnu/Scrt1.o;/usr/lib/x86_64-linux-gnu/crti.o;/usr/lib/gcc/x86_64-linux-gnu/12/crtbeginS.o;/usr/lib/gcc/x86_64-linux-gnu/12/crtendS.o;/usr/lib/x86_64-linux-gnu/crtn.o]
  implicit dirs: [/usr/lib/gcc/x86_64-linux-gnu/12;/usr/lib/x86_64-linux-gnu;/usr/lib;/lib/x86_64-linux-gnu;/lib]
  implicit fwks: []


Performing C SOURCE FILE Test HAVE_GCC_WALL succeeded with the following output:
Change Dir: /home/feng/Projects/myapp/build/CMakeFiles/CMakeScratch/TryCompile-pcl5Cq

Run Build Command(s):/usr/bin/gmake -f Makefile cmTC_2db1b/fast && /usr/bin/gmake  -f CMakeFiles/cmTC_2db1b.dir/build.make CMakeFiles/cmTC_2db1b.dir/build
gmake[1]: Entering directory '/home/feng/Projects/myapp/build/CMakeFiles/CMakeScratch/TryCompile-pcl5Cq'
Building C object CMakeFiles/cmTC_2db1b.dir/src.c.o
/usr/bin/cc -DHAVE_GCC_WALL  -D_GNU_SOURCE=1   -Wall -o CMakeFiles/cmTC_2db1b.dir/src.c.o -c /home/feng/Projects/myapp/build/CMakeFiles/CMakeScratch/TryCompile-pcl5Cq/src.c
Linking C executable cmTC_2db1b
/usr/bin/cmake -E cmake_link_script CMakeFiles/cmTC_2db1b.dir/link.txt --verbose=1
/usr/bin/cc   -D_GNU_SOURCE=1 CMakeFiles/cmTC_2db1b.dir/src.c.o -o cmTC_2db1b 
gmake[1]: Leaving directory '/home/feng/Projects/myapp/build/CMakeFiles/CMakeScratch/TryCompile-pcl5Cq'


Source file was:
int main(void) { return 0; }

Performing C SOURCE FILE Test HAVE_GCC_WUNDEF succeeded with the following output:
Change Dir: /home/feng/Projects/myapp/build/CMakeFiles/CMakeScratch/TryCompile-emixvg

Run Build Command(s):/usr/bin/gmake -f Makefile cmTC_8304a/fast && /usr/bin/gmake  -f CMakeFiles/cmTC_8304a.dir/build.make CMakeFiles/cmTC_8304a.dir/build
gmake[1]: Entering directory '/home/feng/Projects/myapp/build/CMakeFiles/CMakeScratch/TryCompile-emixvg'
Building C object CMakeFiles/cmTC_8304a.dir/src.c.o
/usr/bin/cc -DHAVE_GCC_WUNDEF  -D_GNU_SOURCE=1   -Wundef -o CMakeFiles/cmTC_8304a.dir/src.c.o -c /home/feng/Projects/myapp/build/CMakeFiles/CMakeScratch/TryCompile-emixvg/src.c
Linking C executable cmTC_8304a
/usr/bin/cmake -E cmake_link_script CMakeFiles/cmTC_8304a.dir/link.txt --verbose=1
/usr/bin/cc   -D_GNU_SOURCE=1 CMakeFiles/cmTC_8304a.dir/src.c.o -o cmTC_8304a 
gmake[1]: Leaving directory '/home/feng/Projects/myapp/build/CMakeFiles/CMakeScratch/TryCompile-emixvg'


Source file was:
int main(void) { return 0; }

Performing C SOURCE FILE Test HAVE_GCC_WFLOAT_CONVERSION succeeded with the following output:
Change Dir: /home/feng/Projects/myapp/build/CMakeFiles/CMakeScratch/TryCompile-zt6l1w

Run Build Command(s):/usr/bin/gmake -f Makefile cmTC_dfc17/fast && /usr/bin/gmake  -f CMakeFiles/cmTC_dfc17.dir/build.make CMakeFiles/cmTC_dfc17.dir/build
gmake[1]: Entering directory '/home/feng/Projects/myapp/build/CMakeFiles/CMakeScratch/TryCompile-zt6l1w'
Building C object CMakeFiles/cmTC_dfc17.dir/src.c.o
/usr/bin/cc -DHAVE_GCC_WFLOAT_CONVERSION  -D_GNU_SOURCE=1   -Wfloat-conversion -o CMakeFiles/cmTC_dfc17.dir/src.c.o -c /home/feng/Projects/myapp/build/CMakeFiles/CMakeScratch/TryCompile-zt6l1w/src.c
Linking C executable cmTC_dfc17
/usr/bin/cmake -E cmake_link_script CMakeFiles/cmTC_dfc17.dir/link.txt --verbose=1
/usr/bin/cc   -D_GNU_SOURCE=1 CMakeFiles/cmTC_dfc17.dir/src.c.o -o cmTC_dfc17 
gmake[1]: Leaving directory '/home/feng/Projects/myapp/build/CMakeFiles/CMakeScratch/TryCompile-zt6l1w'


Source file was:
int main(void) { return 0; }

Performing C SOURCE FILE Test HAVE_GCC_NO_STRICT_ALIASING succeeded with the following output:
Change Dir: /home/feng/Projects/myapp/build/CMakeFiles/CMakeScratch/TryCompile-lDWpzJ

Run Build Command(s):/usr/bin/gmake -f Makefile cmTC_fcccc/fast && /usr/bin/gmake  -f CMakeFiles/cmTC_fcccc.dir/build.make CMakeFiles/cmTC_fcccc.dir/build
gmake[1]: Entering directory '/home/feng/Projects/myapp/build/CMakeFiles/CMakeScratch/TryCompile-lDWpzJ'
Building C object CMakeFiles/cmTC_fcccc.dir/src.c.o
/usr/bin/cc -DHAVE_GCC_NO_STRICT_ALIASING  -D_GNU_SOURCE=1   -fno-strict-aliasing -o CMakeFiles/cmTC_fcccc.dir/src.c.o -c /home/feng/Projects/myapp/build/CMakeFiles/CMakeScratch/TryCompile-lDWpzJ/src.c
Linking C executable cmTC_fcccc
/usr/bin/cmake -E cmake_link_script CMakeFiles/cmTC_fcccc.dir/link.txt --verbose=1
/usr/bin/cc   -D_GNU_SOURCE=1 CMakeFiles/cmTC_fcccc.dir/src.c.o -o cmTC_fcccc 
gmake[1]: Leaving directory '/home/feng/Projects/myapp/build/CMakeFiles/CMakeScratch/TryCompile-lDWpzJ'


Source file was:
int main(void) { return 0; }

Performing C SOURCE FILE Test HAVE_GCC_WSHADOW succeeded with the following output:
Change Dir: /home/feng/Projects/myapp/build/CMakeFiles/CMakeScratch/TryCompile-7OsUMJ

Run Build Command(s):/usr/bin/gmake -f Makefile cmTC_5a730/fast && /usr/bin/gmake  -f CMakeFiles/cmTC_5a730.dir/build.make CMakeFiles/cmTC_5a730.dir/build
gmake[1]: Entering directory '/home/feng/Projects/myapp/build/CMakeFiles/CMakeScratch/TryCompile-7OsUMJ'
Building C object CMakeFiles/cmTC_5a730.dir/src.c.o
/usr/bin/cc -DHAVE_GCC_WSHADOW  -D_GNU_SOURCE=1   -Wshadow -o CMakeFiles/cmTC_5a730.dir/src.c.o -c /home/feng/Projects/myapp/build/CMakeFiles/CMakeScratch/TryCompile-7OsUMJ/src.c
Linking C executable cmTC_5a730
/usr/bin/cmake -E cmake_link_script CMakeFiles/cmTC_5a730.dir/link.txt --verbose=1
/usr/bin/cc   -D_GNU_SOURCE=1 CMakeFiles/cmTC_5a730.dir/src.c.o -o cmTC_5a730 
gmake[1]: Leaving directory '/home/feng/Projects/myapp/build/CMakeFiles/CMakeScratch/TryCompile-7OsUMJ'


Source file was:
int main(void) { return 0; }

Performing C SOURCE FILE Test HAVE_GCC_WUNUSED_LOCAL_TYPEDEFS succeeded with the following output:
Change Dir: /home/feng/Projects/myapp/build/CMakeFiles/CMakeScratch/TryCompile-kXur12

Run Build Command(s):/usr/bin/gmake -f Makefile cmTC_62392/fast && /usr/bin/gmake  -f CMakeFiles/cmTC_62392.dir/build.make CMakeFiles/cmTC_62392.dir/build
gmake[1]: Entering directory '/home/feng/Projects/myapp/build/CMakeFiles/CMakeScratch/TryCompile-kXur12'
Building C object CMakeFiles/cmTC_62392.dir/src.c.o
/usr/bin/cc -DHAVE_GCC_WUNUSED_LOCAL_TYPEDEFS  -D_GNU_SOURCE=1   -Wunused-local-typedefs -o CMakeFiles/cmTC_62392.dir/src.c.o -c /home/feng/Projects/myapp/build/CMakeFiles/CMakeScratch/TryCompile-kXur12/src.c
Linking C executable cmTC_62392
/usr/bin/cmake -E cmake_link_script CMakeFiles/cmTC_62392.dir/link.txt --verbose=1
/usr/bin/cc   -D_GNU_SOURCE=1 CMakeFiles/cmTC_62392.dir/src.c.o -o cmTC_62392 
gmake[1]: Leaving directory '/home/feng/Projects/myapp/build/CMakeFiles/CMakeScratch/TryCompile-kXur12'


Source file was:
int main(void) { return 0; }

Performing C SOURCE FILE Test HAVE_GCC_WIMPLICIT_FALLTHROUGH succeeded with the following output:
Change Dir: /home/feng/Projects/myapp/build/CMakeFiles/CMakeScratch/TryCompile-aJLnKj

Run Build Command(s):/usr/bin/gmake -f Makefile cmTC_60cef/fast && /usr/bin/gmake  -f CMakeFiles/cmTC_60cef.dir/build.make CMakeFiles/cmTC_60cef.dir/build
gmake[1]: Entering directory '/home/feng/Projects/myapp/build/CMakeFiles/CMakeScratch/TryCompile-aJLnKj'
Building C object CMakeFiles/cmTC_60cef.dir/src.c.o
/usr/bin/cc -DHAVE_GCC_WIMPLICIT_FALLTHROUGH  -D_GNU_SOURCE=1   -Wimplicit-fallthrough -o CMakeFiles/cmTC_60cef.dir/src.c.o -c /home/feng/Projects/myapp/build/CMakeFiles/CMakeScratch/TryCompile-aJLnKj/src.c
Linking C executable cmTC_60cef
/usr/bin/cmake -E cmake_link_script CMakeFiles/cmTC_60cef.dir/link.txt --verbose=1
/usr/bin/cc   -D_GNU_SOURCE=1 CMakeFiles/cmTC_60cef.dir/src.c.o -o cmTC_60cef 
gmake[1]: Leaving directory '/home/feng/Projects/myapp/build/CMakeFiles/CMakeScratch/TryCompile-aJLnKj'


Source file was:
int main(void) { return 0; }

Performing C SOURCE FILE Test COMPILER_SUPPORTS_FDIAGNOSTICS_COLOR_ALWAYS succeeded with the following output:
Change Dir: /home/feng/Projects/myapp/build/CMakeFiles/CMakeScratch/TryCompile-E6e5TS

Run Build Command(s):/usr/bin/gmake -f Makefile cmTC_63277/fast && /usr/bin/gmake  -f CMakeFiles/cmTC_63277.dir/build.make CMakeFiles/cmTC_63277.dir/build
gmake[1]: Entering directory '/home/feng/Projects/myapp/build/CMakeFiles/CMakeScratch/TryCompile-E6e5TS'
Building C object CMakeFiles/cmTC_63277.dir/src.c.o
/usr/bin/cc -DCOMPILER_SUPPORTS_FDIAGNOSTICS_COLOR_ALWAYS  -D_GNU_SOURCE=1   -fdiagnostics-color=always -o CMakeFiles/cmTC_63277.dir/src.c.o -c /home/feng/Projects/myapp/build/CMakeFiles/CMakeScratch/TryCompile-E6e5TS/src.c
Linking C executable cmTC_63277
/usr/bin/cmake -E cmake_link_script CMakeFiles/cmTC_63277.dir/link.txt --verbose=1
/usr/bin/cc   -D_GNU_SOURCE=1 CMakeFiles/cmTC_63277.dir/src.c.o -o cmTC_63277 
gmake[1]: Leaving directory '/home/feng/Projects/myapp/build/CMakeFiles/CMakeScratch/TryCompile-E6e5TS'


Source file was:
int main(void) { return 0; }

Determining if the __GLIBC__ exist passed with the following output:
Change Dir: /home/feng/Projects/myapp/build/CMakeFiles/CMakeScratch/TryCompile-ruZ6GM

Run Build Command(s):/usr/bin/gmake -f Makefile cmTC_30369/fast && /usr/bin/gmake  -f CMakeFiles/cmTC_30369.dir/build.make CMakeFiles/cmTC_30369.dir/build
gmake[1]: Entering directory '/home/feng/Projects/myapp/build/CMakeFiles/CMakeScratch/TryCompile-ruZ6GM'
Building C object CMakeFiles/cmTC_30369.dir/CheckSymbolExists.c.o
/usr/bin/cc   -D_GNU_SOURCE=1 -o CMakeFiles/cmTC_30369.dir/CheckSymbolExists.c.o -c /home/feng/Projects/myapp/build/CMakeFiles/CMakeScratch/TryCompile-ruZ6GM/CheckSymbolExists.c
Linking C executable cmTC_30369
/usr/bin/cmake -E cmake_link_script CMakeFiles/cmTC_30369.dir/link.txt --verbose=1
/usr/bin/cc   -D_GNU_SOURCE=1 CMakeFiles/cmTC_30369.dir/CheckSymbolExists.c.o -o cmTC_30369 
gmake[1]: Leaving directory '/home/feng/Projects/myapp/build/CMakeFiles/CMakeScratch/TryCompile-ruZ6GM'


File CheckSymbolExists.c:
/* */
#include <stdlib.h>

int main(int argc, char** argv)
{
  (void)argv;
#ifndef __GLIBC__
  return ((int*)(&__GLIBC__))[argc];
#else
  (void)argc;
  return 0;
#endif
}
Performing C SOURCE FILE Test HAVE_WL_VERSION_SCRIPT succeeded with the following output:
Change Dir: /home/feng/Projects/myapp/build/CMakeFiles/CMakeScratch/TryCompile-gkbNPm

Run Build Command(s):/usr/bin/gmake -f Makefile cmTC_1b745/fast && /usr/bin/gmake  -f CMakeFiles/cmTC_1b745.dir/build.make CMakeFiles/cmTC_1b745.dir/build
gmake[1]: Entering directory '/home/feng/Projects/myapp/build/CMakeFiles/CMakeScratch/TryCompile-gkbNPm'
Building C object CMakeFiles/cmTC_1b745.dir/src.c.o
/usr/bin/cc -DHAVE_WL_VERSION_SCRIPT   -o CMakeFiles/cmTC_1b745.dir/src.c.o -c /home/feng/Projects/myapp/build/CMakeFiles/CMakeScratch/TryCompile-gkbNPm/src.c
Linking C executable cmTC_1b745
/usr/bin/cmake -E cmake_link_script CMakeFiles/cmTC_1b745.dir/link.txt --verbose=1
/usr/bin/cc -Wl,--version-script=/home/feng/Projects/myapp/build/vendored/SDL/CMakeFiles/dummy.sym CMakeFiles/cmTC_1b745.dir/src.c.o -o cmTC_1b745 
gmake[1]: Leaving directory '/home/feng/Projects/myapp/build/CMakeFiles/CMakeScratch/TryCompile-gkbNPm'


Source file was:
int func(void) {return 0;} int main(int argc,char*argv[]){(void)argc;(void)argv;return func();}

Performing C SOURCE FILE Test COMPILER_SUPPORTS_GCC_ATOMICS succeeded with the following output:
Change Dir: /home/feng/Projects/myapp/build/CMakeFiles/CMakeScratch/TryCompile-46vX8X

Run Build Command(s):/usr/bin/gmake -f Makefile cmTC_b5b50/fast && /usr/bin/gmake  -f CMakeFiles/cmTC_b5b50.dir/build.make CMakeFiles/cmTC_b5b50.dir/build
gmake[1]: Entering directory '/home/feng/Projects/myapp/build/CMakeFiles/CMakeScratch/TryCompile-46vX8X'
Building C object CMakeFiles/cmTC_b5b50.dir/src.c.o
/usr/bin/cc -DCOMPILER_SUPPORTS_GCC_ATOMICS  -D_GNU_SOURCE=1 -o CMakeFiles/cmTC_b5b50.dir/src.c.o -c /home/feng/Projects/myapp/build/CMakeFiles/CMakeScratch/TryCompile-46vX8X/src.c
Linking C executable cmTC_b5b50
/usr/bin/cmake -E cmake_link_script CMakeFiles/cmTC_b5b50.dir/link.txt --verbose=1
/usr/bin/cc   -D_GNU_SOURCE=1 CMakeFiles/cmTC_b5b50.dir/src.c.o -o cmTC_b5b50 
gmake[1]: Leaving directory '/home/feng/Projects/myapp/build/CMakeFiles/CMakeScratch/TryCompile-46vX8X'


Source file was:
int main(int argc, char **argv) {
        int a;
        void *x, *y, *z;
        __sync_lock_test_and_set(&a, 4);
        __sync_lock_test_and_set(&x, y);
        __sync_fetch_and_add(&a, 1);
        __sync_bool_compare_and_swap(&a, 5, 10);
        __sync_bool_compare_and_swap(&x, y, z);
        return 0; }

Performing C SOURCE FILE Test HAVE_GCC_FVISIBILITY succeeded with the following output:
Change Dir: /home/feng/Projects/myapp/build/CMakeFiles/CMakeScratch/TryCompile-psKAmb

Run Build Command(s):/usr/bin/gmake -f Makefile cmTC_af263/fast && /usr/bin/gmake  -f CMakeFiles/cmTC_af263.dir/build.make CMakeFiles/cmTC_af263.dir/build
gmake[1]: Entering directory '/home/feng/Projects/myapp/build/CMakeFiles/CMakeScratch/TryCompile-psKAmb'
Building C object CMakeFiles/cmTC_af263.dir/src.c.o
/usr/bin/cc -DHAVE_GCC_FVISIBILITY  -D_GNU_SOURCE=1 -fvisibility=hidden -Werror -o CMakeFiles/cmTC_af263.dir/src.c.o -c /home/feng/Projects/myapp/build/CMakeFiles/CMakeScratch/TryCompile-psKAmb/src.c
Linking C executable cmTC_af263
/usr/bin/cmake -E cmake_link_script CMakeFiles/cmTC_af263.dir/link.txt --verbose=1
/usr/bin/cc   -D_GNU_SOURCE=1 -fvisibility=hidden -Werror CMakeFiles/cmTC_af263.dir/src.c.o -o cmTC_af263 
gmake[1]: Leaving directory '/home/feng/Projects/myapp/build/CMakeFiles/CMakeScratch/TryCompile-psKAmb'


Source file was:

      #if !defined(__GNUC__) || __GNUC__ < 4
      #error SDL only uses visibility attributes in GCC 4 or newer
      #endif
      __attribute__((visibility("default"))) int foo(void);
      __attribute__((visibility("hidden")))  int bar(void);
      int foo(void) { return 0; }
      int bar(void) { return 1; }
      int main(void) { return 0; }

Performing C SOURCE FILE Test LINKER_SUPPORTS_WL_NO_UNDEFINED succeeded with the following output:
Change Dir: /home/feng/Projects/myapp/build/CMakeFiles/CMakeScratch/TryCompile-kjETNU

Run Build Command(s):/usr/bin/gmake -f Makefile cmTC_20dfa/fast && /usr/bin/gmake  -f CMakeFiles/cmTC_20dfa.dir/build.make CMakeFiles/cmTC_20dfa.dir/build
gmake[1]: Entering directory '/home/feng/Projects/myapp/build/CMakeFiles/CMakeScratch/TryCompile-kjETNU'
Building C object CMakeFiles/cmTC_20dfa.dir/src.c.o
/usr/bin/cc -DLINKER_SUPPORTS_WL_NO_UNDEFINED  -D_GNU_SOURCE=1 -o CMakeFiles/cmTC_20dfa.dir/src.c.o -c /home/feng/Projects/myapp/build/CMakeFiles/CMakeScratch/TryCompile-kjETNU/src.c
Linking C executable cmTC_20dfa
/usr/bin/cmake -E cmake_link_script CMakeFiles/cmTC_20dfa.dir/link.txt --verbose=1
/usr/bin/cc   -D_GNU_SOURCE=1 -Wl,--no-undefined CMakeFiles/cmTC_20dfa.dir/src.c.o -o cmTC_20dfa 
gmake[1]: Leaving directory '/home/feng/Projects/myapp/build/CMakeFiles/CMakeScratch/TryCompile-kjETNU'


Source file was:
int main(void) { return 0; }

Performing C SOURCE FILE Test COMPILER_SUPPORTS_MMX succeeded with the following output:
Change Dir: /home/feng/Projects/myapp/build/CMakeFiles/CMakeScratch/TryCompile-0VW5fi

Run Build Command(s):/usr/bin/gmake -f Makefile cmTC_f2c8f/fast && /usr/bin/gmake  -f CMakeFiles/cmTC_f2c8f.dir/build.make CMakeFiles/cmTC_f2c8f.dir/build
gmake[1]: Entering directory '/home/feng/Projects/myapp/build/CMakeFiles/CMakeScratch/TryCompile-0VW5fi'
Building C object CMakeFiles/cmTC_f2c8f.dir/src.c.o
/usr/bin/cc -DCOMPILER_SUPPORTS_MMX  -D_GNU_SOURCE=1 -mmmx -o CMakeFiles/cmTC_f2c8f.dir/src.c.o -c /home/feng/Projects/myapp/build/CMakeFiles/CMakeScratch/TryCompile-0VW5fi/src.c
Linking C executable cmTC_f2c8f
/usr/bin/cmake -E cmake_link_script CMakeFiles/cmTC_f2c8f.dir/link.txt --verbose=1
/usr/bin/cc   -D_GNU_SOURCE=1 -mmmx CMakeFiles/cmTC_f2c8f.dir/src.c.o -o cmTC_f2c8f 
gmake[1]: Leaving directory '/home/feng/Projects/myapp/build/CMakeFiles/CMakeScratch/TryCompile-0VW5fi'


Source file was:

    #if 0
    # if defined(__i386__) || defined(__x86_64__)
    #  define test_enabled 1
    # else
    #  define test_enabled 0 /* feign success in Apple multi-arch configs */
    # endif
    #else                    /* test normally */
    # define test_enabled 1
    #endif
    #if test_enabled
          #include <mmintrin.h>
      void ints_add(int *dest, int *a, int *b, unsigned size) {
        for (; size >= 2; size -= 2, dest += 2, a += 2, b += 2) {
          *(__m64*)dest = _mm_add_pi32(*(__m64*)a, *(__m64*)b);
        }
      }
      int main(int argc, char *argv[]) {
        ints_add((int*)0, (int*)0, (int*)0, 0);
        return 0;
      }
    #else
    int main(int argc, char *argv[]) {
      (void)argc;
      (void)argv;
      return 0;
    }
    #endif

Performing C SOURCE FILE Test COMPILER_SUPPORTS_SSE succeeded with the following output:
Change Dir: /home/feng/Projects/myapp/build/CMakeFiles/CMakeScratch/TryCompile-gz4uX8

Run Build Command(s):/usr/bin/gmake -f Makefile cmTC_a7b26/fast && /usr/bin/gmake  -f CMakeFiles/cmTC_a7b26.dir/build.make CMakeFiles/cmTC_a7b26.dir/build
gmake[1]: Entering directory '/home/feng/Projects/myapp/build/CMakeFiles/CMakeScratch/TryCompile-gz4uX8'
Building C object CMakeFiles/cmTC_a7b26.dir/src.c.o
/usr/bin/cc -DCOMPILER_SUPPORTS_SSE  -D_GNU_SOURCE=1 -msse -o CMakeFiles/cmTC_a7b26.dir/src.c.o -c /home/feng/Projects/myapp/build/CMakeFiles/CMakeScratch/TryCompile-gz4uX8/src.c
Linking C executable cmTC_a7b26
/usr/bin/cmake -E cmake_link_script CMakeFiles/cmTC_a7b26.dir/link.txt --verbose=1
/usr/bin/cc   -D_GNU_SOURCE=1 -msse CMakeFiles/cmTC_a7b26.dir/src.c.o -o cmTC_a7b26 
gmake[1]: Leaving directory '/home/feng/Projects/myapp/build/CMakeFiles/CMakeScratch/TryCompile-gz4uX8'


Source file was:

    #if 0
    # if defined(__i386__) || defined(__x86_64__)
    #  define test_enabled 1
    # else
    #  define test_enabled 0 /* feign success in Apple multi-arch configs */
    # endif
    #else                    /* test normally */
    # define test_enabled 1
    #endif
    #if test_enabled
          #include <xmmintrin.h>
      void floats_add(float *dest, float *a, float *b, unsigned size) {
        for (; size >= 4; size -= 4, dest += 4, a += 4, b += 4) {
          _mm_storeu_ps(dest, _mm_add_ps(_mm_loadu_ps(a), _mm_loadu_ps (b)));
        }
      }
      int main(int argc, char **argv) {
        floats_add((float*)0, (float*)0, (float*)0, 0);
        return 0;
      }
    #else
    int main(int argc, char *argv[]) {
      (void)argc;
      (void)argv;
      return 0;
    }
    #endif

Performing C SOURCE FILE Test COMPILER_SUPPORTS_SSE2 succeeded with the following output:
Change Dir: /home/feng/Projects/myapp/build/CMakeFiles/CMakeScratch/TryCompile-CKrmuA

Run Build Command(s):/usr/bin/gmake -f Makefile cmTC_121a4/fast && /usr/bin/gmake  -f CMakeFiles/cmTC_121a4.dir/build.make CMakeFiles/cmTC_121a4.dir/build
gmake[1]: Entering directory '/home/feng/Projects/myapp/build/CMakeFiles/CMakeScratch/TryCompile-CKrmuA'
Building C object CMakeFiles/cmTC_121a4.dir/src.c.o
/usr/bin/cc -DCOMPILER_SUPPORTS_SSE2  -D_GNU_SOURCE=1 -msse2 -o CMakeFiles/cmTC_121a4.dir/src.c.o -c /home/feng/Projects/myapp/build/CMakeFiles/CMakeScratch/TryCompile-CKrmuA/src.c
Linking C executable cmTC_121a4
/usr/bin/cmake -E cmake_link_script CMakeFiles/cmTC_121a4.dir/link.txt --verbose=1
/usr/bin/cc   -D_GNU_SOURCE=1 -msse2 CMakeFiles/cmTC_121a4.dir/src.c.o -o cmTC_121a4 
gmake[1]: Leaving directory '/home/feng/Projects/myapp/build/CMakeFiles/CMakeScratch/TryCompile-CKrmuA'


Source file was:

    #if 0
    # if defined(__i386__) || defined(__x86_64__)
    #  define test_enabled 1
    # else
    #  define test_enabled 0 /* feign success in Apple multi-arch configs */
    # endif
    #else                    /* test normally */
    # define test_enabled 1
    #endif
    #if test_enabled
          #include <emmintrin.h>
      void doubles_add(double *dest, double *a, double *b, unsigned size) {
        for (; size >= 4; size -= 4, dest += 4, a += 4, b += 4) {
          _mm_store_pd(dest, _mm_add_pd(_mm_loadu_pd(a), _mm_loadu_pd(b)));
        }
      }
      int main(int argc, char **argv) {
        doubles_add((double*)0, (double*)0, (double*)0, 0);
        return 0;
      }
    #else
    int main(int argc, char *argv[]) {
      (void)argc;
      (void)argv;
      return 0;
    }
    #endif

Performing C SOURCE FILE Test COMPILER_SUPPORTS_SSE3 succeeded with the following output:
Change Dir: /home/feng/Projects/myapp/build/CMakeFiles/CMakeScratch/TryCompile-h3kFBO

Run Build Command(s):/usr/bin/gmake -f Makefile cmTC_352e0/fast && /usr/bin/gmake  -f CMakeFiles/cmTC_352e0.dir/build.make CMakeFiles/cmTC_352e0.dir/build
gmake[1]: Entering directory '/home/feng/Projects/myapp/build/CMakeFiles/CMakeScratch/TryCompile-h3kFBO'
Building C object CMakeFiles/cmTC_352e0.dir/src.c.o
/usr/bin/cc -DCOMPILER_SUPPORTS_SSE3  -D_GNU_SOURCE=1 -msse3 -o CMakeFiles/cmTC_352e0.dir/src.c.o -c /home/feng/Projects/myapp/build/CMakeFiles/CMakeScratch/TryCompile-h3kFBO/src.c
Linking C executable cmTC_352e0
/usr/bin/cmake -E cmake_link_script CMakeFiles/cmTC_352e0.dir/link.txt --verbose=1
/usr/bin/cc   -D_GNU_SOURCE=1 -msse3 CMakeFiles/cmTC_352e0.dir/src.c.o -o cmTC_352e0 
gmake[1]: Leaving directory '/home/feng/Projects/myapp/build/CMakeFiles/CMakeScratch/TryCompile-h3kFBO'


Source file was:

    #if 0
    # if defined(__i386__) || defined(__x86_64__)
    #  define test_enabled 1
    # else
    #  define test_enabled 0 /* feign success in Apple multi-arch configs */
    # endif
    #else                    /* test normally */
    # define test_enabled 1
    #endif
    #if test_enabled
          #include <pmmintrin.h>
      void ints_add(int *dest, int *a, int *b, unsigned size) {
        for (; size >= 4; size -= 4, dest += 4, a += 4, b += 4) {
          _mm_storeu_si128((__m128i*)dest, _mm_add_epi32(_mm_lddqu_si128((__m128i*)a), _mm_lddqu_si128((__m128i*)b)));
        }
      }
      int main(int argc, char **argv) {
        ints_add((int*)0, (int*)0, (int*)0, 0);
        return 0;
      }
    #else
    int main(int argc, char *argv[]) {
      (void)argc;
      (void)argv;
      return 0;
    }
    #endif

Performing C SOURCE FILE Test COMPILER_SUPPORTS_SSE4_1 succeeded with the following output:
Change Dir: /home/feng/Projects/myapp/build/CMakeFiles/CMakeScratch/TryCompile-mtZpfo

Run Build Command(s):/usr/bin/gmake -f Makefile cmTC_9695a/fast && /usr/bin/gmake  -f CMakeFiles/cmTC_9695a.dir/build.make CMakeFiles/cmTC_9695a.dir/build
gmake[1]: Entering directory '/home/feng/Projects/myapp/build/CMakeFiles/CMakeScratch/TryCompile-mtZpfo'
Building C object CMakeFiles/cmTC_9695a.dir/src.c.o
/usr/bin/cc -DCOMPILER_SUPPORTS_SSE4_1  -D_GNU_SOURCE=1 -msse4.1 -o CMakeFiles/cmTC_9695a.dir/src.c.o -c /home/feng/Projects/myapp/build/CMakeFiles/CMakeScratch/TryCompile-mtZpfo/src.c
Linking C executable cmTC_9695a
/usr/bin/cmake -E cmake_link_script CMakeFiles/cmTC_9695a.dir/link.txt --verbose=1
/usr/bin/cc   -D_GNU_SOURCE=1 -msse4.1 CMakeFiles/cmTC_9695a.dir/src.c.o -o cmTC_9695a 
gmake[1]: Leaving directory '/home/feng/Projects/myapp/build/CMakeFiles/CMakeScratch/TryCompile-mtZpfo'


Source file was:

    #if 0
    # if defined(__i386__) || defined(__x86_64__)
    #  define test_enabled 1
    # else
    #  define test_enabled 0 /* feign success in Apple multi-arch configs */
    # endif
    #else                    /* test normally */
    # define test_enabled 1
    #endif
    #if test_enabled
          #include <smmintrin.h>
      void ints_mul(int *dest, int *a, int *b, unsigned size) {
        for (; size >= 4; size -= 4, dest += 4, a += 4, b += 4) {
          _mm_storeu_si128((__m128i*)dest, _mm_mullo_epi32(_mm_lddqu_si128((__m128i*)a), _mm_lddqu_si128((__m128i*)b)));
        }
      }
      int main(int argc, char **argv) {
        ints_mul((int*)0, (int*)0, (int*)0, 0);
        return 0;
      }
    #else
    int main(int argc, char *argv[]) {
      (void)argc;
      (void)argv;
      return 0;
    }
    #endif

Performing C SOURCE FILE Test COMPILER_SUPPORTS_SSE4_2 succeeded with the following output:
Change Dir: /home/feng/Projects/myapp/build/CMakeFiles/CMakeScratch/TryCompile-i3bFgL

Run Build Command(s):/usr/bin/gmake -f Makefile cmTC_c2823/fast && /usr/bin/gmake  -f CMakeFiles/cmTC_c2823.dir/build.make CMakeFiles/cmTC_c2823.dir/build
gmake[1]: Entering directory '/home/feng/Projects/myapp/build/CMakeFiles/CMakeScratch/TryCompile-i3bFgL'
Building C object CMakeFiles/cmTC_c2823.dir/src.c.o
/usr/bin/cc -DCOMPILER_SUPPORTS_SSE4_2  -D_GNU_SOURCE=1 -msse4.2 -o CMakeFiles/cmTC_c2823.dir/src.c.o -c /home/feng/Projects/myapp/build/CMakeFiles/CMakeScratch/TryCompile-i3bFgL/src.c
Linking C executable cmTC_c2823
/usr/bin/cmake -E cmake_link_script CMakeFiles/cmTC_c2823.dir/link.txt --verbose=1
/usr/bin/cc   -D_GNU_SOURCE=1 -msse4.2 CMakeFiles/cmTC_c2823.dir/src.c.o -o cmTC_c2823 
gmake[1]: Leaving directory '/home/feng/Projects/myapp/build/CMakeFiles/CMakeScratch/TryCompile-i3bFgL'


Source file was:

    #if 0
    # if defined(__i386__) || defined(__x86_64__)
    #  define test_enabled 1
    # else
    #  define test_enabled 0 /* feign success in Apple multi-arch configs */
    # endif
    #else                    /* test normally */
    # define test_enabled 1
    #endif
    #if test_enabled
          #include <nmmintrin.h>
      __m128i bitmask;
      char data[16];
      int main(int argc, char **argv) {
        bitmask = _mm_cmpgt_epi64(_mm_set1_epi64x(0), _mm_loadu_si128((void*)data));
        return 0;
      }
    #else
    int main(int argc, char *argv[]) {
      (void)argc;
      (void)argv;
      return 0;
    }
    #endif

Performing C SOURCE FILE Test COMPILER_SUPPORTS_AVX succeeded with the following output:
Change Dir: /home/feng/Projects/myapp/build/CMakeFiles/CMakeScratch/TryCompile-I21DRq

Run Build Command(s):/usr/bin/gmake -f Makefile cmTC_54b2a/fast && /usr/bin/gmake  -f CMakeFiles/cmTC_54b2a.dir/build.make CMakeFiles/cmTC_54b2a.dir/build
gmake[1]: Entering directory '/home/feng/Projects/myapp/build/CMakeFiles/CMakeScratch/TryCompile-I21DRq'
Building C object CMakeFiles/cmTC_54b2a.dir/src.c.o
/usr/bin/cc -DCOMPILER_SUPPORTS_AVX  -D_GNU_SOURCE=1 -mavx -o CMakeFiles/cmTC_54b2a.dir/src.c.o -c /home/feng/Projects/myapp/build/CMakeFiles/CMakeScratch/TryCompile-I21DRq/src.c
Linking C executable cmTC_54b2a
/usr/bin/cmake -E cmake_link_script CMakeFiles/cmTC_54b2a.dir/link.txt --verbose=1
/usr/bin/cc   -D_GNU_SOURCE=1 -mavx CMakeFiles/cmTC_54b2a.dir/src.c.o -o cmTC_54b2a 
gmake[1]: Leaving directory '/home/feng/Projects/myapp/build/CMakeFiles/CMakeScratch/TryCompile-I21DRq'


Source file was:

    #if 0
    # if defined(__i386__) || defined(__x86_64__)
    #  define test_enabled 1
    # else
    #  define test_enabled 0 /* feign success in Apple multi-arch configs */
    # endif
    #else                    /* test normally */
    # define test_enabled 1
    #endif
    #if test_enabled
          #include <immintrin.h>
      void floats_add(float *dest, float *a, float *b, unsigned size) {
        for (; size >= 8; size -= 8, dest += 8, a += 8, b += 8) {
          _mm256_storeu_ps(dest, _mm256_add_ps(_mm256_loadu_ps(a), _mm256_loadu_ps(b)));
        }
      }
      int main(int argc, char **argv) {
        floats_add((float*)0, (float*)0, (float*)0, 0);
        return 0;
      }
    #else
    int main(int argc, char *argv[]) {
      (void)argc;
      (void)argv;
      return 0;
    }
    #endif

Performing C SOURCE FILE Test COMPILER_SUPPORTS_AVX2 succeeded with the following output:
Change Dir: /home/feng/Projects/myapp/build/CMakeFiles/CMakeScratch/TryCompile-lJrqq3

Run Build Command(s):/usr/bin/gmake -f Makefile cmTC_35632/fast && /usr/bin/gmake  -f CMakeFiles/cmTC_35632.dir/build.make CMakeFiles/cmTC_35632.dir/build
gmake[1]: Entering directory '/home/feng/Projects/myapp/build/CMakeFiles/CMakeScratch/TryCompile-lJrqq3'
Building C object CMakeFiles/cmTC_35632.dir/src.c.o
/usr/bin/cc -DCOMPILER_SUPPORTS_AVX2  -D_GNU_SOURCE=1 -mavx2 -o CMakeFiles/cmTC_35632.dir/src.c.o -c /home/feng/Projects/myapp/build/CMakeFiles/CMakeScratch/TryCompile-lJrqq3/src.c
Linking C executable cmTC_35632
/usr/bin/cmake -E cmake_link_script CMakeFiles/cmTC_35632.dir/link.txt --verbose=1
/usr/bin/cc   -D_GNU_SOURCE=1 -mavx2 CMakeFiles/cmTC_35632.dir/src.c.o -o cmTC_35632 
gmake[1]: Leaving directory '/home/feng/Projects/myapp/build/CMakeFiles/CMakeScratch/TryCompile-lJrqq3'


Source file was:

    #if 0
    # if defined(__i386__) || defined(__x86_64__)
    #  define test_enabled 1
    # else
    #  define test_enabled 0 /* feign success in Apple multi-arch configs */
    # endif
    #else                    /* test normally */
    # define test_enabled 1
    #endif
    #if test_enabled
          #include <immintrin.h>
      void ints_add(int *dest, int *a, int *b, unsigned size) {
        for (; size >= 8; size -= 8, dest += 8, a += 8, b += 8) {
          _mm256_storeu_si256((__m256i*)dest, _mm256_add_epi32(_mm256_loadu_si256((__m256i*)a), _mm256_loadu_si256((__m256i*)b)));
        }
      }
      int main(int argc, char **argv) {
        ints_add((int*)0, (int*)0, (int*)0, 0);
        return 0;
      }
    #else
    int main(int argc, char *argv[]) {
      (void)argc;
      (void)argv;
      return 0;
    }
    #endif

Performing C SOURCE FILE Test COMPILER_SUPPORTS_AVX512F succeeded with the following output:
Change Dir: /home/feng/Projects/myapp/build/CMakeFiles/CMakeScratch/TryCompile-M5cwh1

Run Build Command(s):/usr/bin/gmake -f Makefile cmTC_425f6/fast && /usr/bin/gmake  -f CMakeFiles/cmTC_425f6.dir/build.make CMakeFiles/cmTC_425f6.dir/build
gmake[1]: Entering directory '/home/feng/Projects/myapp/build/CMakeFiles/CMakeScratch/TryCompile-M5cwh1'
Building C object CMakeFiles/cmTC_425f6.dir/src.c.o
/usr/bin/cc -DCOMPILER_SUPPORTS_AVX512F  -D_GNU_SOURCE=1 -mavx512f -o CMakeFiles/cmTC_425f6.dir/src.c.o -c /home/feng/Projects/myapp/build/CMakeFiles/CMakeScratch/TryCompile-M5cwh1/src.c
Linking C executable cmTC_425f6
/usr/bin/cmake -E cmake_link_script CMakeFiles/cmTC_425f6.dir/link.txt --verbose=1
/usr/bin/cc   -D_GNU_SOURCE=1 -mavx512f CMakeFiles/cmTC_425f6.dir/src.c.o -o cmTC_425f6 
gmake[1]: Leaving directory '/home/feng/Projects/myapp/build/CMakeFiles/CMakeScratch/TryCompile-M5cwh1'


Source file was:

    #if 0
    # if defined(__i386__) || defined(__x86_64__)
    #  define test_enabled 1
    # else
    #  define test_enabled 0 /* feign success in Apple multi-arch configs */
    # endif
    #else                    /* test normally */
    # define test_enabled 1
    #endif
    #if test_enabled
          #include <immintrin.h>
      void floats_add(float *dest, float *a, float *b, unsigned size) {
        for (; size >= 16; size -= 16, dest += 16, a += 16, b += 16) {
          _mm512_storeu_ps(dest, _mm512_add_ps(_mm512_loadu_ps(a), _mm512_loadu_ps(b)));
        }
      }
      int main(int argc, char **argv) {
        floats_add((float*)0, (float*)0, (float*)0, 0);
        return 0;
      }
    #else
    int main(int argc, char *argv[]) {
      (void)argc;
      (void)argv;
      return 0;
    }
    #endif

Determining if the include file alloca.h exists passed with the following output:
Change Dir: /home/feng/Projects/myapp/build/CMakeFiles/CMakeScratch/TryCompile-vouj68

Run Build Command(s):/usr/bin/gmake -f Makefile cmTC_7e40d/fast && /usr/bin/gmake  -f CMakeFiles/cmTC_7e40d.dir/build.make CMakeFiles/cmTC_7e40d.dir/build
gmake[1]: Entering directory '/home/feng/Projects/myapp/build/CMakeFiles/CMakeScratch/TryCompile-vouj68'
Building C object CMakeFiles/cmTC_7e40d.dir/CheckIncludeFile.c.o
/usr/bin/cc   -D_GNU_SOURCE=1 -o CMakeFiles/cmTC_7e40d.dir/CheckIncludeFile.c.o -c /home/feng/Projects/myapp/build/CMakeFiles/CMakeScratch/TryCompile-vouj68/CheckIncludeFile.c
Linking C executable cmTC_7e40d
/usr/bin/cmake -E cmake_link_script CMakeFiles/cmTC_7e40d.dir/link.txt --verbose=1
/usr/bin/cc   -D_GNU_SOURCE=1 CMakeFiles/cmTC_7e40d.dir/CheckIncludeFile.c.o -o cmTC_7e40d 
gmake[1]: Leaving directory '/home/feng/Projects/myapp/build/CMakeFiles/CMakeScratch/TryCompile-vouj68'



Determining if the include file float.h exists passed with the following output:
Change Dir: /home/feng/Projects/myapp/build/CMakeFiles/CMakeScratch/TryCompile-CsdXr5

Run Build Command(s):/usr/bin/gmake -f Makefile cmTC_c437f/fast && /usr/bin/gmake  -f CMakeFiles/cmTC_c437f.dir/build.make CMakeFiles/cmTC_c437f.dir/build
gmake[1]: Entering directory '/home/feng/Projects/myapp/build/CMakeFiles/CMakeScratch/TryCompile-CsdXr5'
Building C object CMakeFiles/cmTC_c437f.dir/CheckIncludeFile.c.o
/usr/bin/cc   -D_GNU_SOURCE=1 -o CMakeFiles/cmTC_c437f.dir/CheckIncludeFile.c.o -c /home/feng/Projects/myapp/build/CMakeFiles/CMakeScratch/TryCompile-CsdXr5/CheckIncludeFile.c
Linking C executable cmTC_c437f
/usr/bin/cmake -E cmake_link_script CMakeFiles/cmTC_c437f.dir/link.txt --verbose=1
/usr/bin/cc   -D_GNU_SOURCE=1 CMakeFiles/cmTC_c437f.dir/CheckIncludeFile.c.o -o cmTC_c437f 
gmake[1]: Leaving directory '/home/feng/Projects/myapp/build/CMakeFiles/CMakeScratch/TryCompile-CsdXr5'



Determining if the include file iconv.h exists passed with the following output:
Change Dir: /home/feng/Projects/myapp/build/CMakeFiles/CMakeScratch/TryCompile-qiZj4N

Run Build Command(s):/usr/bin/gmake -f Makefile cmTC_4ad93/fast && /usr/bin/gmake  -f CMakeFiles/cmTC_4ad93.dir/build.make CMakeFiles/cmTC_4ad93.dir/build
gmake[1]: Entering directory '/home/feng/Projects/myapp/build/CMakeFiles/CMakeScratch/TryCompile-qiZj4N'
Building C object CMakeFiles/cmTC_4ad93.dir/CheckIncludeFile.c.o
/usr/bin/cc   -D_GNU_SOURCE=1 -o CMakeFiles/cmTC_4ad93.dir/CheckIncludeFile.c.o -c /home/feng/Projects/myapp/build/CMakeFiles/CMakeScratch/TryCompile-qiZj4N/CheckIncludeFile.c
Linking C executable cmTC_4ad93
/usr/bin/cmake -E cmake_link_script CMakeFiles/cmTC_4ad93.dir/link.txt --verbose=1
/usr/bin/cc   -D_GNU_SOURCE=1 CMakeFiles/cmTC_4ad93.dir/CheckIncludeFile.c.o -o cmTC_4ad93 
gmake[1]: Leaving directory '/home/feng/Projects/myapp/build/CMakeFiles/CMakeScratch/TryCompile-qiZj4N'



Determining if the include file inttypes.h exists passed with the following output:
Change Dir: /home/feng/Projects/myapp/build/CMakeFiles/CMakeScratch/TryCompile-Ooc9ME

Run Build Command(s):/usr/bin/gmake -f Makefile cmTC_16197/fast && /usr/bin/gmake  -f CMakeFiles/cmTC_16197.dir/build.make CMakeFiles/cmTC_16197.dir/build
gmake[1]: Entering directory '/home/feng/Projects/myapp/build/CMakeFiles/CMakeScratch/TryCompile-Ooc9ME'
Building C object CMakeFiles/cmTC_16197.dir/CheckIncludeFile.c.o
/usr/bin/cc   -D_GNU_SOURCE=1 -o CMakeFiles/cmTC_16197.dir/CheckIncludeFile.c.o -c /home/feng/Projects/myapp/build/CMakeFiles/CMakeScratch/TryCompile-Ooc9ME/CheckIncludeFile.c
Linking C executable cmTC_16197
/usr/bin/cmake -E cmake_link_script CMakeFiles/cmTC_16197.dir/link.txt --verbose=1
/usr/bin/cc   -D_GNU_SOURCE=1 CMakeFiles/cmTC_16197.dir/CheckIncludeFile.c.o -o cmTC_16197 
gmake[1]: Leaving directory '/home/feng/Projects/myapp/build/CMakeFiles/CMakeScratch/TryCompile-Ooc9ME'



Determining if the include file limits.h exists passed with the following output:
Change Dir: /home/feng/Projects/myapp/build/CMakeFiles/CMakeScratch/TryCompile-iyq8nT

Run Build Command(s):/usr/bin/gmake -f Makefile cmTC_fa44a/fast && /usr/bin/gmake  -f CMakeFiles/cmTC_fa44a.dir/build.make CMakeFiles/cmTC_fa44a.dir/build
gmake[1]: Entering directory '/home/feng/Projects/myapp/build/CMakeFiles/CMakeScratch/TryCompile-iyq8nT'
Building C object CMakeFiles/cmTC_fa44a.dir/CheckIncludeFile.c.o
/usr/bin/cc   -D_GNU_SOURCE=1 -o CMakeFiles/cmTC_fa44a.dir/CheckIncludeFile.c.o -c /home/feng/Projects/myapp/build/CMakeFiles/CMakeScratch/TryCompile-iyq8nT/CheckIncludeFile.c
Linking C executable cmTC_fa44a
/usr/bin/cmake -E cmake_link_script CMakeFiles/cmTC_fa44a.dir/link.txt --verbose=1
/usr/bin/cc   -D_GNU_SOURCE=1 CMakeFiles/cmTC_fa44a.dir/CheckIncludeFile.c.o -o cmTC_fa44a 
gmake[1]: Leaving directory '/home/feng/Projects/myapp/build/CMakeFiles/CMakeScratch/TryCompile-iyq8nT'



Determining if the include file malloc.h exists passed with the following output:
Change Dir: /home/feng/Projects/myapp/build/CMakeFiles/CMakeScratch/TryCompile-kDiyNl

Run Build Command(s):/usr/bin/gmake -f Makefile cmTC_b5afd/fast && /usr/bin/gmake  -f CMakeFiles/cmTC_b5afd.dir/build.make CMakeFiles/cmTC_b5afd.dir/build
gmake[1]: Entering directory '/home/feng/Projects/myapp/build/CMakeFiles/CMakeScratch/TryCompile-kDiyNl'
Building C object CMakeFiles/cmTC_b5afd.dir/CheckIncludeFile.c.o
/usr/bin/cc   -D_GNU_SOURCE=1 -o CMakeFiles/cmTC_b5afd.dir/CheckIncludeFile.c.o -c /home/feng/Projects/myapp/build/CMakeFiles/CMakeScratch/TryCompile-kDiyNl/CheckIncludeFile.c
Linking C executable cmTC_b5afd
/usr/bin/cmake -E cmake_link_script CMakeFiles/cmTC_b5afd.dir/link.txt --verbose=1
/usr/bin/cc   -D_GNU_SOURCE=1 CMakeFiles/cmTC_b5afd.dir/CheckIncludeFile.c.o -o cmTC_b5afd 
gmake[1]: Leaving directory '/home/feng/Projects/myapp/build/CMakeFiles/CMakeScratch/TryCompile-kDiyNl'



Determining if the include file math.h exists passed with the following output:
Change Dir: /home/feng/Projects/myapp/build/CMakeFiles/CMakeScratch/TryCompile-WfIj2Q

Run Build Command(s):/usr/bin/gmake -f Makefile cmTC_5503b/fast && /usr/bin/gmake  -f CMakeFiles/cmTC_5503b.dir/build.make CMakeFiles/cmTC_5503b.dir/build
gmake[1]: Entering directory '/home/feng/Projects/myapp/build/CMakeFiles/CMakeScratch/TryCompile-WfIj2Q'
Building C object CMakeFiles/cmTC_5503b.dir/CheckIncludeFile.c.o
/usr/bin/cc   -D_GNU_SOURCE=1 -o CMakeFiles/cmTC_5503b.dir/CheckIncludeFile.c.o -c /home/feng/Projects/myapp/build/CMakeFiles/CMakeScratch/TryCompile-WfIj2Q/CheckIncludeFile.c
Linking C executable cmTC_5503b
/usr/bin/cmake -E cmake_link_script CMakeFiles/cmTC_5503b.dir/link.txt --verbose=1
/usr/bin/cc   -D_GNU_SOURCE=1 CMakeFiles/cmTC_5503b.dir/CheckIncludeFile.c.o -o cmTC_5503b 
gmake[1]: Leaving directory '/home/feng/Projects/myapp/build/CMakeFiles/CMakeScratch/TryCompile-WfIj2Q'



Determining if the include file memory.h exists passed with the following output:
Change Dir: /home/feng/Projects/myapp/build/CMakeFiles/CMakeScratch/TryCompile-YBAxft

Run Build Command(s):/usr/bin/gmake -f Makefile cmTC_32d9e/fast && /usr/bin/gmake  -f CMakeFiles/cmTC_32d9e.dir/build.make CMakeFiles/cmTC_32d9e.dir/build
gmake[1]: Entering directory '/home/feng/Projects/myapp/build/CMakeFiles/CMakeScratch/TryCompile-YBAxft'
Building C object CMakeFiles/cmTC_32d9e.dir/CheckIncludeFile.c.o
/usr/bin/cc   -D_GNU_SOURCE=1 -o CMakeFiles/cmTC_32d9e.dir/CheckIncludeFile.c.o -c /home/feng/Projects/myapp/build/CMakeFiles/CMakeScratch/TryCompile-YBAxft/CheckIncludeFile.c
Linking C executable cmTC_32d9e
/usr/bin/cmake -E cmake_link_script CMakeFiles/cmTC_32d9e.dir/link.txt --verbose=1
/usr/bin/cc   -D_GNU_SOURCE=1 CMakeFiles/cmTC_32d9e.dir/CheckIncludeFile.c.o -o cmTC_32d9e 
gmake[1]: Leaving directory '/home/feng/Projects/myapp/build/CMakeFiles/CMakeScratch/TryCompile-YBAxft'



Determining if the include file signal.h exists passed with the following output:
Change Dir: /home/feng/Projects/myapp/build/CMakeFiles/CMakeScratch/TryCompile-EbR6nS

Run Build Command(s):/usr/bin/gmake -f Makefile cmTC_045b5/fast && /usr/bin/gmake  -f CMakeFiles/cmTC_045b5.dir/build.make CMakeFiles/cmTC_045b5.dir/build
gmake[1]: Entering directory '/home/feng/Projects/myapp/build/CMakeFiles/CMakeScratch/TryCompile-EbR6nS'
Building C object CMakeFiles/cmTC_045b5.dir/CheckIncludeFile.c.o
/usr/bin/cc   -D_GNU_SOURCE=1 -o CMakeFiles/cmTC_045b5.dir/CheckIncludeFile.c.o -c /home/feng/Projects/myapp/build/CMakeFiles/CMakeScratch/TryCompile-EbR6nS/CheckIncludeFile.c
Linking C executable cmTC_045b5
/usr/bin/cmake -E cmake_link_script CMakeFiles/cmTC_045b5.dir/link.txt --verbose=1
/usr/bin/cc   -D_GNU_SOURCE=1 CMakeFiles/cmTC_045b5.dir/CheckIncludeFile.c.o -o cmTC_045b5 
gmake[1]: Leaving directory '/home/feng/Projects/myapp/build/CMakeFiles/CMakeScratch/TryCompile-EbR6nS'



Determining if the include file stdarg.h exists passed with the following output:
Change Dir: /home/feng/Projects/myapp/build/CMakeFiles/CMakeScratch/TryCompile-ZANDMj

Run Build Command(s):/usr/bin/gmake -f Makefile cmTC_9bad4/fast && /usr/bin/gmake  -f CMakeFiles/cmTC_9bad4.dir/build.make CMakeFiles/cmTC_9bad4.dir/build
gmake[1]: Entering directory '/home/feng/Projects/myapp/build/CMakeFiles/CMakeScratch/TryCompile-ZANDMj'
Building C object CMakeFiles/cmTC_9bad4.dir/CheckIncludeFile.c.o
/usr/bin/cc   -D_GNU_SOURCE=1 -o CMakeFiles/cmTC_9bad4.dir/CheckIncludeFile.c.o -c /home/feng/Projects/myapp/build/CMakeFiles/CMakeScratch/TryCompile-ZANDMj/CheckIncludeFile.c
Linking C executable cmTC_9bad4
/usr/bin/cmake -E cmake_link_script CMakeFiles/cmTC_9bad4.dir/link.txt --verbose=1
/usr/bin/cc   -D_GNU_SOURCE=1 CMakeFiles/cmTC_9bad4.dir/CheckIncludeFile.c.o -o cmTC_9bad4 
gmake[1]: Leaving directory '/home/feng/Projects/myapp/build/CMakeFiles/CMakeScratch/TryCompile-ZANDMj'



Determining if the include file stdbool.h exists passed with the following output:
Change Dir: /home/feng/Projects/myapp/build/CMakeFiles/CMakeScratch/TryCompile-ia9wRx

Run Build Command(s):/usr/bin/gmake -f Makefile cmTC_9012e/fast && /usr/bin/gmake  -f CMakeFiles/cmTC_9012e.dir/build.make CMakeFiles/cmTC_9012e.dir/build
gmake[1]: Entering directory '/home/feng/Projects/myapp/build/CMakeFiles/CMakeScratch/TryCompile-ia9wRx'
Building C object CMakeFiles/cmTC_9012e.dir/CheckIncludeFile.c.o
/usr/bin/cc   -D_GNU_SOURCE=1 -o CMakeFiles/cmTC_9012e.dir/CheckIncludeFile.c.o -c /home/feng/Projects/myapp/build/CMakeFiles/CMakeScratch/TryCompile-ia9wRx/CheckIncludeFile.c
Linking C executable cmTC_9012e
/usr/bin/cmake -E cmake_link_script CMakeFiles/cmTC_9012e.dir/link.txt --verbose=1
/usr/bin/cc   -D_GNU_SOURCE=1 CMakeFiles/cmTC_9012e.dir/CheckIncludeFile.c.o -o cmTC_9012e 
gmake[1]: Leaving directory '/home/feng/Projects/myapp/build/CMakeFiles/CMakeScratch/TryCompile-ia9wRx'



Determining if the include file stddef.h exists passed with the following output:
Change Dir: /home/feng/Projects/myapp/build/CMakeFiles/CMakeScratch/TryCompile-RC9Yvv

Run Build Command(s):/usr/bin/gmake -f Makefile cmTC_035c8/fast && /usr/bin/gmake  -f CMakeFiles/cmTC_035c8.dir/build.make CMakeFiles/cmTC_035c8.dir/build
gmake[1]: Entering directory '/home/feng/Projects/myapp/build/CMakeFiles/CMakeScratch/TryCompile-RC9Yvv'
Building C object CMakeFiles/cmTC_035c8.dir/CheckIncludeFile.c.o
/usr/bin/cc   -D_GNU_SOURCE=1 -o CMakeFiles/cmTC_035c8.dir/CheckIncludeFile.c.o -c /home/feng/Projects/myapp/build/CMakeFiles/CMakeScratch/TryCompile-RC9Yvv/CheckIncludeFile.c
Linking C executable cmTC_035c8
/usr/bin/cmake -E cmake_link_script CMakeFiles/cmTC_035c8.dir/link.txt --verbose=1
/usr/bin/cc   -D_GNU_SOURCE=1 CMakeFiles/cmTC_035c8.dir/CheckIncludeFile.c.o -o cmTC_035c8 
gmake[1]: Leaving directory '/home/feng/Projects/myapp/build/CMakeFiles/CMakeScratch/TryCompile-RC9Yvv'



Determining if the include file stdint.h exists passed with the following output:
Change Dir: /home/feng/Projects/myapp/build/CMakeFiles/CMakeScratch/TryCompile-liv1Jk

Run Build Command(s):/usr/bin/gmake -f Makefile cmTC_f0803/fast && /usr/bin/gmake  -f CMakeFiles/cmTC_f0803.dir/build.make CMakeFiles/cmTC_f0803.dir/build
gmake[1]: Entering directory '/home/feng/Projects/myapp/build/CMakeFiles/CMakeScratch/TryCompile-liv1Jk'
Building C object CMakeFiles/cmTC_f0803.dir/CheckIncludeFile.c.o
/usr/bin/cc   -D_GNU_SOURCE=1 -o CMakeFiles/cmTC_f0803.dir/CheckIncludeFile.c.o -c /home/feng/Projects/myapp/build/CMakeFiles/CMakeScratch/TryCompile-liv1Jk/CheckIncludeFile.c
Linking C executable cmTC_f0803
/usr/bin/cmake -E cmake_link_script CMakeFiles/cmTC_f0803.dir/link.txt --verbose=1
/usr/bin/cc   -D_GNU_SOURCE=1 CMakeFiles/cmTC_f0803.dir/CheckIncludeFile.c.o -o cmTC_f0803 
gmake[1]: Leaving directory '/home/feng/Projects/myapp/build/CMakeFiles/CMakeScratch/TryCompile-liv1Jk'



Determining if the include file stdio.h exists passed with the following output:
Change Dir: /home/feng/Projects/myapp/build/CMakeFiles/CMakeScratch/TryCompile-WQFMwC

Run Build Command(s):/usr/bin/gmake -f Makefile cmTC_f6545/fast && /usr/bin/gmake  -f CMakeFiles/cmTC_f6545.dir/build.make CMakeFiles/cmTC_f6545.dir/build
gmake[1]: Entering directory '/home/feng/Projects/myapp/build/CMakeFiles/CMakeScratch/TryCompile-WQFMwC'
Building C object CMakeFiles/cmTC_f6545.dir/CheckIncludeFile.c.o
/usr/bin/cc   -D_GNU_SOURCE=1 -o CMakeFiles/cmTC_f6545.dir/CheckIncludeFile.c.o -c /home/feng/Projects/myapp/build/CMakeFiles/CMakeScratch/TryCompile-WQFMwC/CheckIncludeFile.c
Linking C executable cmTC_f6545
/usr/bin/cmake -E cmake_link_script CMakeFiles/cmTC_f6545.dir/link.txt --verbose=1
/usr/bin/cc   -D_GNU_SOURCE=1 CMakeFiles/cmTC_f6545.dir/CheckIncludeFile.c.o -o cmTC_f6545 
gmake[1]: Leaving directory '/home/feng/Projects/myapp/build/CMakeFiles/CMakeScratch/TryCompile-WQFMwC'



Determining if the include file stdlib.h exists passed with the following output:
Change Dir: /home/feng/Projects/myapp/build/CMakeFiles/CMakeScratch/TryCompile-daFoeK

Run Build Command(s):/usr/bin/gmake -f Makefile cmTC_af47a/fast && /usr/bin/gmake  -f CMakeFiles/cmTC_af47a.dir/build.make CMakeFiles/cmTC_af47a.dir/build
gmake[1]: Entering directory '/home/feng/Projects/myapp/build/CMakeFiles/CMakeScratch/TryCompile-daFoeK'
Building C object CMakeFiles/cmTC_af47a.dir/CheckIncludeFile.c.o
/usr/bin/cc   -D_GNU_SOURCE=1 -o CMakeFiles/cmTC_af47a.dir/CheckIncludeFile.c.o -c /home/feng/Projects/myapp/build/CMakeFiles/CMakeScratch/TryCompile-daFoeK/CheckIncludeFile.c
Linking C executable cmTC_af47a
/usr/bin/cmake -E cmake_link_script CMakeFiles/cmTC_af47a.dir/link.txt --verbose=1
/usr/bin/cc   -D_GNU_SOURCE=1 CMakeFiles/cmTC_af47a.dir/CheckIncludeFile.c.o -o cmTC_af47a 
gmake[1]: Leaving directory '/home/feng/Projects/myapp/build/CMakeFiles/CMakeScratch/TryCompile-daFoeK'



Determining if the include file string.h exists passed with the following output:
Change Dir: /home/feng/Projects/myapp/build/CMakeFiles/CMakeScratch/TryCompile-7AhPJf

Run Build Command(s):/usr/bin/gmake -f Makefile cmTC_8b205/fast && /usr/bin/gmake  -f CMakeFiles/cmTC_8b205.dir/build.make CMakeFiles/cmTC_8b205.dir/build
gmake[1]: Entering directory '/home/feng/Projects/myapp/build/CMakeFiles/CMakeScratch/TryCompile-7AhPJf'
Building C object CMakeFiles/cmTC_8b205.dir/CheckIncludeFile.c.o
/usr/bin/cc   -D_GNU_SOURCE=1 -o CMakeFiles/cmTC_8b205.dir/CheckIncludeFile.c.o -c /home/feng/Projects/myapp/build/CMakeFiles/CMakeScratch/TryCompile-7AhPJf/CheckIncludeFile.c
Linking C executable cmTC_8b205
/usr/bin/cmake -E cmake_link_script CMakeFiles/cmTC_8b205.dir/link.txt --verbose=1
/usr/bin/cc   -D_GNU_SOURCE=1 CMakeFiles/cmTC_8b205.dir/CheckIncludeFile.c.o -o cmTC_8b205 
gmake[1]: Leaving directory '/home/feng/Projects/myapp/build/CMakeFiles/CMakeScratch/TryCompile-7AhPJf'



Determining if the include file strings.h exists passed with the following output:
Change Dir: /home/feng/Projects/myapp/build/CMakeFiles/CMakeScratch/TryCompile-3PJ6ph

Run Build Command(s):/usr/bin/gmake -f Makefile cmTC_7c3b8/fast && /usr/bin/gmake  -f CMakeFiles/cmTC_7c3b8.dir/build.make CMakeFiles/cmTC_7c3b8.dir/build
gmake[1]: Entering directory '/home/feng/Projects/myapp/build/CMakeFiles/CMakeScratch/TryCompile-3PJ6ph'
Building C object CMakeFiles/cmTC_7c3b8.dir/CheckIncludeFile.c.o
/usr/bin/cc   -D_GNU_SOURCE=1 -o CMakeFiles/cmTC_7c3b8.dir/CheckIncludeFile.c.o -c /home/feng/Projects/myapp/build/CMakeFiles/CMakeScratch/TryCompile-3PJ6ph/CheckIncludeFile.c
Linking C executable cmTC_7c3b8
/usr/bin/cmake -E cmake_link_script CMakeFiles/cmTC_7c3b8.dir/link.txt --verbose=1
/usr/bin/cc   -D_GNU_SOURCE=1 CMakeFiles/cmTC_7c3b8.dir/CheckIncludeFile.c.o -o cmTC_7c3b8 
gmake[1]: Leaving directory '/home/feng/Projects/myapp/build/CMakeFiles/CMakeScratch/TryCompile-3PJ6ph'



Determining if the include file sys/types.h exists passed with the following output:
Change Dir: /home/feng/Projects/myapp/build/CMakeFiles/CMakeScratch/TryCompile-hUNZLp

Run Build Command(s):/usr/bin/gmake -f Makefile cmTC_0d5c3/fast && /usr/bin/gmake  -f CMakeFiles/cmTC_0d5c3.dir/build.make CMakeFiles/cmTC_0d5c3.dir/build
gmake[1]: Entering directory '/home/feng/Projects/myapp/build/CMakeFiles/CMakeScratch/TryCompile-hUNZLp'
Building C object CMakeFiles/cmTC_0d5c3.dir/CheckIncludeFile.c.o
/usr/bin/cc   -D_GNU_SOURCE=1 -o CMakeFiles/cmTC_0d5c3.dir/CheckIncludeFile.c.o -c /home/feng/Projects/myapp/build/CMakeFiles/CMakeScratch/TryCompile-hUNZLp/CheckIncludeFile.c
Linking C executable cmTC_0d5c3
/usr/bin/cmake -E cmake_link_script CMakeFiles/cmTC_0d5c3.dir/link.txt --verbose=1
/usr/bin/cc   -D_GNU_SOURCE=1 CMakeFiles/cmTC_0d5c3.dir/CheckIncludeFile.c.o -o cmTC_0d5c3 
gmake[1]: Leaving directory '/home/feng/Projects/myapp/build/CMakeFiles/CMakeScratch/TryCompile-hUNZLp'



Determining if the include file time.h exists passed with the following output:
Change Dir: /home/feng/Projects/myapp/build/CMakeFiles/CMakeScratch/TryCompile-6Yw3Ht

Run Build Command(s):/usr/bin/gmake -f Makefile cmTC_bec98/fast && /usr/bin/gmake  -f CMakeFiles/cmTC_bec98.dir/build.make CMakeFiles/cmTC_bec98.dir/build
gmake[1]: Entering directory '/home/feng/Projects/myapp/build/CMakeFiles/CMakeScratch/TryCompile-6Yw3Ht'
Building C object CMakeFiles/cmTC_bec98.dir/CheckIncludeFile.c.o
/usr/bin/cc   -D_GNU_SOURCE=1 -o CMakeFiles/cmTC_bec98.dir/CheckIncludeFile.c.o -c /home/feng/Projects/myapp/build/CMakeFiles/CMakeScratch/TryCompile-6Yw3Ht/CheckIncludeFile.c
Linking C executable cmTC_bec98
/usr/bin/cmake -E cmake_link_script CMakeFiles/cmTC_bec98.dir/link.txt --verbose=1
/usr/bin/cc   -D_GNU_SOURCE=1 CMakeFiles/cmTC_bec98.dir/CheckIncludeFile.c.o -o cmTC_bec98 
gmake[1]: Leaving directory '/home/feng/Projects/myapp/build/CMakeFiles/CMakeScratch/TryCompile-6Yw3Ht'



Determining if the include file wchar.h exists passed with the following output:
Change Dir: /home/feng/Projects/myapp/build/CMakeFiles/CMakeScratch/TryCompile-qk2SrN

Run Build Command(s):/usr/bin/gmake -f Makefile cmTC_b6b96/fast && /usr/bin/gmake  -f CMakeFiles/cmTC_b6b96.dir/build.make CMakeFiles/cmTC_b6b96.dir/build
gmake[1]: Entering directory '/home/feng/Projects/myapp/build/CMakeFiles/CMakeScratch/TryCompile-qk2SrN'
Building C object CMakeFiles/cmTC_b6b96.dir/CheckIncludeFile.c.o
/usr/bin/cc   -D_GNU_SOURCE=1 -o CMakeFiles/cmTC_b6b96.dir/CheckIncludeFile.c.o -c /home/feng/Projects/myapp/build/CMakeFiles/CMakeScratch/TryCompile-qk2SrN/CheckIncludeFile.c
Linking C executable cmTC_b6b96
/usr/bin/cmake -E cmake_link_script CMakeFiles/cmTC_b6b96.dir/link.txt --verbose=1
/usr/bin/cc   -D_GNU_SOURCE=1 CMakeFiles/cmTC_b6b96.dir/CheckIncludeFile.c.o -o cmTC_b6b96 
gmake[1]: Leaving directory '/home/feng/Projects/myapp/build/CMakeFiles/CMakeScratch/TryCompile-qk2SrN'



Determining if the function pow exists in the m passed with the following output:
Change Dir: /home/feng/Projects/myapp/build/CMakeFiles/CMakeScratch/TryCompile-Tq6X23

Run Build Command(s):/usr/bin/gmake -f Makefile cmTC_0cc8a/fast && /usr/bin/gmake  -f CMakeFiles/cmTC_0cc8a.dir/build.make CMakeFiles/cmTC_0cc8a.dir/build
gmake[1]: Entering directory '/home/feng/Projects/myapp/build/CMakeFiles/CMakeScratch/TryCompile-Tq6X23'
Building C object CMakeFiles/cmTC_0cc8a.dir/CheckFunctionExists.c.o
/usr/bin/cc   -DCHECK_FUNCTION_EXISTS=pow  -D_GNU_SOURCE=1 -o CMakeFiles/cmTC_0cc8a.dir/CheckFunctionExists.c.o -c /home/feng/Projects/myapp/build/CMakeFiles/CMakeScratch/TryCompile-Tq6X23/CheckFunctionExists.c
<command-line>: warning: conflicting types for built-in function ‘pow’; expected ‘double(double,  double)’ [-Wbuiltin-declaration-mismatch]
/home/feng/Projects/myapp/build/CMakeFiles/CMakeScratch/TryCompile-Tq6X23/CheckFunctionExists.c:7:3: note: in expansion of macro ‘CHECK_FUNCTION_EXISTS’
    7 |   CHECK_FUNCTION_EXISTS(void);
      |   ^~~~~~~~~~~~~~~~~~~~~
/home/feng/Projects/myapp/build/CMakeFiles/CMakeScratch/TryCompile-Tq6X23/CheckFunctionExists.c:1:1: note: ‘pow’ is declared in header ‘<math.h>’
  +++ |+#include <math.h>
    1 | #ifdef CHECK_FUNCTION_EXISTS
Linking C executable cmTC_0cc8a
/usr/bin/cmake -E cmake_link_script CMakeFiles/cmTC_0cc8a.dir/link.txt --verbose=1
/usr/bin/cc  -DCHECK_FUNCTION_EXISTS=pow  -D_GNU_SOURCE=1 CMakeFiles/cmTC_0cc8a.dir/CheckFunctionExists.c.o -o cmTC_0cc8a  -lm 
gmake[1]: Leaving directory '/home/feng/Projects/myapp/build/CMakeFiles/CMakeScratch/TryCompile-Tq6X23'



Determining if the abs exist passed with the following output:
Change Dir: /home/feng/Projects/myapp/build/CMakeFiles/CMakeScratch/TryCompile-yJcFT7

Run Build Command(s):/usr/bin/gmake -f Makefile cmTC_8cfce/fast && /usr/bin/gmake  -f CMakeFiles/cmTC_8cfce.dir/build.make CMakeFiles/cmTC_8cfce.dir/build
gmake[1]: Entering directory '/home/feng/Projects/myapp/build/CMakeFiles/CMakeScratch/TryCompile-yJcFT7'
Building C object CMakeFiles/cmTC_8cfce.dir/CheckSymbolExists.c.o
/usr/bin/cc   -D_GNU_SOURCE=1 -o CMakeFiles/cmTC_8cfce.dir/CheckSymbolExists.c.o -c /home/feng/Projects/myapp/build/CMakeFiles/CMakeScratch/TryCompile-yJcFT7/CheckSymbolExists.c
Linking C executable cmTC_8cfce
/usr/bin/cmake -E cmake_link_script CMakeFiles/cmTC_8cfce.dir/link.txt --verbose=1
/usr/bin/cc   -D_GNU_SOURCE=1 CMakeFiles/cmTC_8cfce.dir/CheckSymbolExists.c.o -o cmTC_8cfce  -lm 
gmake[1]: Leaving directory '/home/feng/Projects/myapp/build/CMakeFiles/CMakeScratch/TryCompile-yJcFT7'


File CheckSymbolExists.c:
/* */
#include <float.h>
#include <iconv.h>
#include <inttypes.h>
#include <limits.h>
#include <malloc.h>
#include <math.h>
#include <memory.h>
#include <signal.h>
#include <stdarg.h>
#include <stdbool.h>
#include <stddef.h>
#include <stdint.h>
#include <stdio.h>
#include <stdlib.h>
#include <string.h>
#include <strings.h>
#include <sys/types.h>
#include <time.h>
#include <wchar.h>

int main(int argc, char** argv)
{
  (void)argv;
#ifndef abs
  return ((int*)(&abs))[argc];
#else
  (void)argc;
  return 0;
#endif
}
Determining if the acos exist passed with the following output:
Change Dir: /home/feng/Projects/myapp/build/CMakeFiles/CMakeScratch/TryCompile-BXa5T5

Run Build Command(s):/usr/bin/gmake -f Makefile cmTC_bddc4/fast && /usr/bin/gmake  -f CMakeFiles/cmTC_bddc4.dir/build.make CMakeFiles/cmTC_bddc4.dir/build
gmake[1]: Entering directory '/home/feng/Projects/myapp/build/CMakeFiles/CMakeScratch/TryCompile-BXa5T5'
Building C object CMakeFiles/cmTC_bddc4.dir/CheckSymbolExists.c.o
/usr/bin/cc   -D_GNU_SOURCE=1 -o CMakeFiles/cmTC_bddc4.dir/CheckSymbolExists.c.o -c /home/feng/Projects/myapp/build/CMakeFiles/CMakeScratch/TryCompile-BXa5T5/CheckSymbolExists.c
Linking C executable cmTC_bddc4
/usr/bin/cmake -E cmake_link_script CMakeFiles/cmTC_bddc4.dir/link.txt --verbose=1
/usr/bin/cc   -D_GNU_SOURCE=1 CMakeFiles/cmTC_bddc4.dir/CheckSymbolExists.c.o -o cmTC_bddc4  -lm 
gmake[1]: Leaving directory '/home/feng/Projects/myapp/build/CMakeFiles/CMakeScratch/TryCompile-BXa5T5'


File CheckSymbolExists.c:
/* */
#include <float.h>
#include <iconv.h>
#include <inttypes.h>
#include <limits.h>
#include <malloc.h>
#include <math.h>
#include <memory.h>
#include <signal.h>
#include <stdarg.h>
#include <stdbool.h>
#include <stddef.h>
#include <stdint.h>
#include <stdio.h>
#include <stdlib.h>
#include <string.h>
#include <strings.h>
#include <sys/types.h>
#include <time.h>
#include <wchar.h>

int main(int argc, char** argv)
{
  (void)argv;
#ifndef acos
  return ((int*)(&acos))[argc];
#else
  (void)argc;
  return 0;
#endif
}
Determining if the acosf exist passed with the following output:
Change Dir: /home/feng/Projects/myapp/build/CMakeFiles/CMakeScratch/TryCompile-s0KxgK

Run Build Command(s):/usr/bin/gmake -f Makefile cmTC_8b604/fast && /usr/bin/gmake  -f CMakeFiles/cmTC_8b604.dir/build.make CMakeFiles/cmTC_8b604.dir/build
gmake[1]: Entering directory '/home/feng/Projects/myapp/build/CMakeFiles/CMakeScratch/TryCompile-s0KxgK'
Building C object CMakeFiles/cmTC_8b604.dir/CheckSymbolExists.c.o
/usr/bin/cc   -D_GNU_SOURCE=1 -o CMakeFiles/cmTC_8b604.dir/CheckSymbolExists.c.o -c /home/feng/Projects/myapp/build/CMakeFiles/CMakeScratch/TryCompile-s0KxgK/CheckSymbolExists.c
Linking C executable cmTC_8b604
/usr/bin/cmake -E cmake_link_script CMakeFiles/cmTC_8b604.dir/link.txt --verbose=1
/usr/bin/cc   -D_GNU_SOURCE=1 CMakeFiles/cmTC_8b604.dir/CheckSymbolExists.c.o -o cmTC_8b604  -lm 
gmake[1]: Leaving directory '/home/feng/Projects/myapp/build/CMakeFiles/CMakeScratch/TryCompile-s0KxgK'


File CheckSymbolExists.c:
/* */
#include <float.h>
#include <iconv.h>
#include <inttypes.h>
#include <limits.h>
#include <malloc.h>
#include <math.h>
#include <memory.h>
#include <signal.h>
#include <stdarg.h>
#include <stdbool.h>
#include <stddef.h>
#include <stdint.h>
#include <stdio.h>
#include <stdlib.h>
#include <string.h>
#include <strings.h>
#include <sys/types.h>
#include <time.h>
#include <wchar.h>

int main(int argc, char** argv)
{
  (void)argv;
#ifndef acosf
  return ((int*)(&acosf))[argc];
#else
  (void)argc;
  return 0;
#endif
}
Determining if the asin exist passed with the following output:
Change Dir: /home/feng/Projects/myapp/build/CMakeFiles/CMakeScratch/TryCompile-lnFQHN

Run Build Command(s):/usr/bin/gmake -f Makefile cmTC_d0918/fast && /usr/bin/gmake  -f CMakeFiles/cmTC_d0918.dir/build.make CMakeFiles/cmTC_d0918.dir/build
gmake[1]: Entering directory '/home/feng/Projects/myapp/build/CMakeFiles/CMakeScratch/TryCompile-lnFQHN'
Building C object CMakeFiles/cmTC_d0918.dir/CheckSymbolExists.c.o
/usr/bin/cc   -D_GNU_SOURCE=1 -o CMakeFiles/cmTC_d0918.dir/CheckSymbolExists.c.o -c /home/feng/Projects/myapp/build/CMakeFiles/CMakeScratch/TryCompile-lnFQHN/CheckSymbolExists.c
Linking C executable cmTC_d0918
/usr/bin/cmake -E cmake_link_script CMakeFiles/cmTC_d0918.dir/link.txt --verbose=1
/usr/bin/cc   -D_GNU_SOURCE=1 CMakeFiles/cmTC_d0918.dir/CheckSymbolExists.c.o -o cmTC_d0918  -lm 
gmake[1]: Leaving directory '/home/feng/Projects/myapp/build/CMakeFiles/CMakeScratch/TryCompile-lnFQHN'


File CheckSymbolExists.c:
/* */
#include <float.h>
#include <iconv.h>
#include <inttypes.h>
#include <limits.h>
#include <malloc.h>
#include <math.h>
#include <memory.h>
#include <signal.h>
#include <stdarg.h>
#include <stdbool.h>
#include <stddef.h>
#include <stdint.h>
#include <stdio.h>
#include <stdlib.h>
#include <string.h>
#include <strings.h>
#include <sys/types.h>
#include <time.h>
#include <wchar.h>

int main(int argc, char** argv)
{
  (void)argv;
#ifndef asin
  return ((int*)(&asin))[argc];
#else
  (void)argc;
  return 0;
#endif
}
Determining if the asinf exist passed with the following output:
Change Dir: /home/feng/Projects/myapp/build/CMakeFiles/CMakeScratch/TryCompile-r8Z8o6

Run Build Command(s):/usr/bin/gmake -f Makefile cmTC_74513/fast && /usr/bin/gmake  -f CMakeFiles/cmTC_74513.dir/build.make CMakeFiles/cmTC_74513.dir/build
gmake[1]: Entering directory '/home/feng/Projects/myapp/build/CMakeFiles/CMakeScratch/TryCompile-r8Z8o6'
Building C object CMakeFiles/cmTC_74513.dir/CheckSymbolExists.c.o
/usr/bin/cc   -D_GNU_SOURCE=1 -o CMakeFiles/cmTC_74513.dir/CheckSymbolExists.c.o -c /home/feng/Projects/myapp/build/CMakeFiles/CMakeScratch/TryCompile-r8Z8o6/CheckSymbolExists.c
Linking C executable cmTC_74513
/usr/bin/cmake -E cmake_link_script CMakeFiles/cmTC_74513.dir/link.txt --verbose=1
/usr/bin/cc   -D_GNU_SOURCE=1 CMakeFiles/cmTC_74513.dir/CheckSymbolExists.c.o -o cmTC_74513  -lm 
gmake[1]: Leaving directory '/home/feng/Projects/myapp/build/CMakeFiles/CMakeScratch/TryCompile-r8Z8o6'


File CheckSymbolExists.c:
/* */
#include <float.h>
#include <iconv.h>
#include <inttypes.h>
#include <limits.h>
#include <malloc.h>
#include <math.h>
#include <memory.h>
#include <signal.h>
#include <stdarg.h>
#include <stdbool.h>
#include <stddef.h>
#include <stdint.h>
#include <stdio.h>
#include <stdlib.h>
#include <string.h>
#include <strings.h>
#include <sys/types.h>
#include <time.h>
#include <wchar.h>

int main(int argc, char** argv)
{
  (void)argv;
#ifndef asinf
  return ((int*)(&asinf))[argc];
#else
  (void)argc;
  return 0;
#endif
}
Determining if the atan exist passed with the following output:
Change Dir: /home/feng/Projects/myapp/build/CMakeFiles/CMakeScratch/TryCompile-VnYk3r

Run Build Command(s):/usr/bin/gmake -f Makefile cmTC_f48a4/fast && /usr/bin/gmake  -f CMakeFiles/cmTC_f48a4.dir/build.make CMakeFiles/cmTC_f48a4.dir/build
gmake[1]: Entering directory '/home/feng/Projects/myapp/build/CMakeFiles/CMakeScratch/TryCompile-VnYk3r'
Building C object CMakeFiles/cmTC_f48a4.dir/CheckSymbolExists.c.o
/usr/bin/cc   -D_GNU_SOURCE=1 -o CMakeFiles/cmTC_f48a4.dir/CheckSymbolExists.c.o -c /home/feng/Projects/myapp/build/CMakeFiles/CMakeScratch/TryCompile-VnYk3r/CheckSymbolExists.c
Linking C executable cmTC_f48a4
/usr/bin/cmake -E cmake_link_script CMakeFiles/cmTC_f48a4.dir/link.txt --verbose=1
/usr/bin/cc   -D_GNU_SOURCE=1 CMakeFiles/cmTC_f48a4.dir/CheckSymbolExists.c.o -o cmTC_f48a4  -lm 
gmake[1]: Leaving directory '/home/feng/Projects/myapp/build/CMakeFiles/CMakeScratch/TryCompile-VnYk3r'


File CheckSymbolExists.c:
/* */
#include <float.h>
#include <iconv.h>
#include <inttypes.h>
#include <limits.h>
#include <malloc.h>
#include <math.h>
#include <memory.h>
#include <signal.h>
#include <stdarg.h>
#include <stdbool.h>
#include <stddef.h>
#include <stdint.h>
#include <stdio.h>
#include <stdlib.h>
#include <string.h>
#include <strings.h>
#include <sys/types.h>
#include <time.h>
#include <wchar.h>

int main(int argc, char** argv)
{
  (void)argv;
#ifndef atan
  return ((int*)(&atan))[argc];
#else
  (void)argc;
  return 0;
#endif
}
Determining if the atan2 exist passed with the following output:
Change Dir: /home/feng/Projects/myapp/build/CMakeFiles/CMakeScratch/TryCompile-roCty7

Run Build Command(s):/usr/bin/gmake -f Makefile cmTC_d30ae/fast && /usr/bin/gmake  -f CMakeFiles/cmTC_d30ae.dir/build.make CMakeFiles/cmTC_d30ae.dir/build
gmake[1]: Entering directory '/home/feng/Projects/myapp/build/CMakeFiles/CMakeScratch/TryCompile-roCty7'
Building C object CMakeFiles/cmTC_d30ae.dir/CheckSymbolExists.c.o
/usr/bin/cc   -D_GNU_SOURCE=1 -o CMakeFiles/cmTC_d30ae.dir/CheckSymbolExists.c.o -c /home/feng/Projects/myapp/build/CMakeFiles/CMakeScratch/TryCompile-roCty7/CheckSymbolExists.c
Linking C executable cmTC_d30ae
/usr/bin/cmake -E cmake_link_script CMakeFiles/cmTC_d30ae.dir/link.txt --verbose=1
/usr/bin/cc   -D_GNU_SOURCE=1 CMakeFiles/cmTC_d30ae.dir/CheckSymbolExists.c.o -o cmTC_d30ae  -lm 
gmake[1]: Leaving directory '/home/feng/Projects/myapp/build/CMakeFiles/CMakeScratch/TryCompile-roCty7'


File CheckSymbolExists.c:
/* */
#include <float.h>
#include <iconv.h>
#include <inttypes.h>
#include <limits.h>
#include <malloc.h>
#include <math.h>
#include <memory.h>
#include <signal.h>
#include <stdarg.h>
#include <stdbool.h>
#include <stddef.h>
#include <stdint.h>
#include <stdio.h>
#include <stdlib.h>
#include <string.h>
#include <strings.h>
#include <sys/types.h>
#include <time.h>
#include <wchar.h>

int main(int argc, char** argv)
{
  (void)argv;
#ifndef atan2
  return ((int*)(&atan2))[argc];
#else
  (void)argc;
  return 0;
#endif
}
Determining if the atan2f exist passed with the following output:
Change Dir: /home/feng/Projects/myapp/build/CMakeFiles/CMakeScratch/TryCompile-meNy8z

Run Build Command(s):/usr/bin/gmake -f Makefile cmTC_13313/fast && /usr/bin/gmake  -f CMakeFiles/cmTC_13313.dir/build.make CMakeFiles/cmTC_13313.dir/build
gmake[1]: Entering directory '/home/feng/Projects/myapp/build/CMakeFiles/CMakeScratch/TryCompile-meNy8z'
Building C object CMakeFiles/cmTC_13313.dir/CheckSymbolExists.c.o
/usr/bin/cc   -D_GNU_SOURCE=1 -o CMakeFiles/cmTC_13313.dir/CheckSymbolExists.c.o -c /home/feng/Projects/myapp/build/CMakeFiles/CMakeScratch/TryCompile-meNy8z/CheckSymbolExists.c
Linking C executable cmTC_13313
/usr/bin/cmake -E cmake_link_script CMakeFiles/cmTC_13313.dir/link.txt --verbose=1
/usr/bin/cc   -D_GNU_SOURCE=1 CMakeFiles/cmTC_13313.dir/CheckSymbolExists.c.o -o cmTC_13313  -lm 
gmake[1]: Leaving directory '/home/feng/Projects/myapp/build/CMakeFiles/CMakeScratch/TryCompile-meNy8z'


File CheckSymbolExists.c:
/* */
#include <float.h>
#include <iconv.h>
#include <inttypes.h>
#include <limits.h>
#include <malloc.h>
#include <math.h>
#include <memory.h>
#include <signal.h>
#include <stdarg.h>
#include <stdbool.h>
#include <stddef.h>
#include <stdint.h>
#include <stdio.h>
#include <stdlib.h>
#include <string.h>
#include <strings.h>
#include <sys/types.h>
#include <time.h>
#include <wchar.h>

int main(int argc, char** argv)
{
  (void)argv;
#ifndef atan2f
  return ((int*)(&atan2f))[argc];
#else
  (void)argc;
  return 0;
#endif
}
Determining if the atanf exist passed with the following output:
Change Dir: /home/feng/Projects/myapp/build/CMakeFiles/CMakeScratch/TryCompile-RNj3EL

Run Build Command(s):/usr/bin/gmake -f Makefile cmTC_39901/fast && /usr/bin/gmake  -f CMakeFiles/cmTC_39901.dir/build.make CMakeFiles/cmTC_39901.dir/build
gmake[1]: Entering directory '/home/feng/Projects/myapp/build/CMakeFiles/CMakeScratch/TryCompile-RNj3EL'
Building C object CMakeFiles/cmTC_39901.dir/CheckSymbolExists.c.o
/usr/bin/cc   -D_GNU_SOURCE=1 -o CMakeFiles/cmTC_39901.dir/CheckSymbolExists.c.o -c /home/feng/Projects/myapp/build/CMakeFiles/CMakeScratch/TryCompile-RNj3EL/CheckSymbolExists.c
Linking C executable cmTC_39901
/usr/bin/cmake -E cmake_link_script CMakeFiles/cmTC_39901.dir/link.txt --verbose=1
/usr/bin/cc   -D_GNU_SOURCE=1 CMakeFiles/cmTC_39901.dir/CheckSymbolExists.c.o -o cmTC_39901  -lm 
gmake[1]: Leaving directory '/home/feng/Projects/myapp/build/CMakeFiles/CMakeScratch/TryCompile-RNj3EL'


File CheckSymbolExists.c:
/* */
#include <float.h>
#include <iconv.h>
#include <inttypes.h>
#include <limits.h>
#include <malloc.h>
#include <math.h>
#include <memory.h>
#include <signal.h>
#include <stdarg.h>
#include <stdbool.h>
#include <stddef.h>
#include <stdint.h>
#include <stdio.h>
#include <stdlib.h>
#include <string.h>
#include <strings.h>
#include <sys/types.h>
#include <time.h>
#include <wchar.h>

int main(int argc, char** argv)
{
  (void)argv;
#ifndef atanf
  return ((int*)(&atanf))[argc];
#else
  (void)argc;
  return 0;
#endif
}
Determining if the atof exist passed with the following output:
Change Dir: /home/feng/Projects/myapp/build/CMakeFiles/CMakeScratch/TryCompile-cpWGrz

Run Build Command(s):/usr/bin/gmake -f Makefile cmTC_e10ff/fast && /usr/bin/gmake  -f CMakeFiles/cmTC_e10ff.dir/build.make CMakeFiles/cmTC_e10ff.dir/build
gmake[1]: Entering directory '/home/feng/Projects/myapp/build/CMakeFiles/CMakeScratch/TryCompile-cpWGrz'
Building C object CMakeFiles/cmTC_e10ff.dir/CheckSymbolExists.c.o
/usr/bin/cc   -D_GNU_SOURCE=1 -o CMakeFiles/cmTC_e10ff.dir/CheckSymbolExists.c.o -c /home/feng/Projects/myapp/build/CMakeFiles/CMakeScratch/TryCompile-cpWGrz/CheckSymbolExists.c
Linking C executable cmTC_e10ff
/usr/bin/cmake -E cmake_link_script CMakeFiles/cmTC_e10ff.dir/link.txt --verbose=1
/usr/bin/cc   -D_GNU_SOURCE=1 CMakeFiles/cmTC_e10ff.dir/CheckSymbolExists.c.o -o cmTC_e10ff  -lm 
gmake[1]: Leaving directory '/home/feng/Projects/myapp/build/CMakeFiles/CMakeScratch/TryCompile-cpWGrz'


File CheckSymbolExists.c:
/* */
#include <float.h>
#include <iconv.h>
#include <inttypes.h>
#include <limits.h>
#include <malloc.h>
#include <math.h>
#include <memory.h>
#include <signal.h>
#include <stdarg.h>
#include <stdbool.h>
#include <stddef.h>
#include <stdint.h>
#include <stdio.h>
#include <stdlib.h>
#include <string.h>
#include <strings.h>
#include <sys/types.h>
#include <time.h>
#include <wchar.h>

int main(int argc, char** argv)
{
  (void)argv;
#ifndef atof
  return ((int*)(&atof))[argc];
#else
  (void)argc;
  return 0;
#endif
}
Determining if the atoi exist passed with the following output:
Change Dir: /home/feng/Projects/myapp/build/CMakeFiles/CMakeScratch/TryCompile-jQlyd3

Run Build Command(s):/usr/bin/gmake -f Makefile cmTC_9e820/fast && /usr/bin/gmake  -f CMakeFiles/cmTC_9e820.dir/build.make CMakeFiles/cmTC_9e820.dir/build
gmake[1]: Entering directory '/home/feng/Projects/myapp/build/CMakeFiles/CMakeScratch/TryCompile-jQlyd3'
Building C object CMakeFiles/cmTC_9e820.dir/CheckSymbolExists.c.o
/usr/bin/cc   -D_GNU_SOURCE=1 -o CMakeFiles/cmTC_9e820.dir/CheckSymbolExists.c.o -c /home/feng/Projects/myapp/build/CMakeFiles/CMakeScratch/TryCompile-jQlyd3/CheckSymbolExists.c
Linking C executable cmTC_9e820
/usr/bin/cmake -E cmake_link_script CMakeFiles/cmTC_9e820.dir/link.txt --verbose=1
/usr/bin/cc   -D_GNU_SOURCE=1 CMakeFiles/cmTC_9e820.dir/CheckSymbolExists.c.o -o cmTC_9e820  -lm 
gmake[1]: Leaving directory '/home/feng/Projects/myapp/build/CMakeFiles/CMakeScratch/TryCompile-jQlyd3'


File CheckSymbolExists.c:
/* */
#include <float.h>
#include <iconv.h>
#include <inttypes.h>
#include <limits.h>
#include <malloc.h>
#include <math.h>
#include <memory.h>
#include <signal.h>
#include <stdarg.h>
#include <stdbool.h>
#include <stddef.h>
#include <stdint.h>
#include <stdio.h>
#include <stdlib.h>
#include <string.h>
#include <strings.h>
#include <sys/types.h>
#include <time.h>
#include <wchar.h>

int main(int argc, char** argv)
{
  (void)argv;
#ifndef atoi
  return ((int*)(&atoi))[argc];
#else
  (void)argc;
  return 0;
#endif
}
Determining if the bcopy exist passed with the following output:
Change Dir: /home/feng/Projects/myapp/build/CMakeFiles/CMakeScratch/TryCompile-GJdWTx

Run Build Command(s):/usr/bin/gmake -f Makefile cmTC_fe4ed/fast && /usr/bin/gmake  -f CMakeFiles/cmTC_fe4ed.dir/build.make CMakeFiles/cmTC_fe4ed.dir/build
gmake[1]: Entering directory '/home/feng/Projects/myapp/build/CMakeFiles/CMakeScratch/TryCompile-GJdWTx'
Building C object CMakeFiles/cmTC_fe4ed.dir/CheckSymbolExists.c.o
/usr/bin/cc   -D_GNU_SOURCE=1 -o CMakeFiles/cmTC_fe4ed.dir/CheckSymbolExists.c.o -c /home/feng/Projects/myapp/build/CMakeFiles/CMakeScratch/TryCompile-GJdWTx/CheckSymbolExists.c
Linking C executable cmTC_fe4ed
/usr/bin/cmake -E cmake_link_script CMakeFiles/cmTC_fe4ed.dir/link.txt --verbose=1
/usr/bin/cc   -D_GNU_SOURCE=1 CMakeFiles/cmTC_fe4ed.dir/CheckSymbolExists.c.o -o cmTC_fe4ed  -lm 
gmake[1]: Leaving directory '/home/feng/Projects/myapp/build/CMakeFiles/CMakeScratch/TryCompile-GJdWTx'


File CheckSymbolExists.c:
/* */
#include <float.h>
#include <iconv.h>
#include <inttypes.h>
#include <limits.h>
#include <malloc.h>
#include <math.h>
#include <memory.h>
#include <signal.h>
#include <stdarg.h>
#include <stdbool.h>
#include <stddef.h>
#include <stdint.h>
#include <stdio.h>
#include <stdlib.h>
#include <string.h>
#include <strings.h>
#include <sys/types.h>
#include <time.h>
#include <wchar.h>

int main(int argc, char** argv)
{
  (void)argv;
#ifndef bcopy
  return ((int*)(&bcopy))[argc];
#else
  (void)argc;
  return 0;
#endif
}
Determining if the ceil exist passed with the following output:
Change Dir: /home/feng/Projects/myapp/build/CMakeFiles/CMakeScratch/TryCompile-2SK0FS

Run Build Command(s):/usr/bin/gmake -f Makefile cmTC_6e7ac/fast && /usr/bin/gmake  -f CMakeFiles/cmTC_6e7ac.dir/build.make CMakeFiles/cmTC_6e7ac.dir/build
gmake[1]: Entering directory '/home/feng/Projects/myapp/build/CMakeFiles/CMakeScratch/TryCompile-2SK0FS'
Building C object CMakeFiles/cmTC_6e7ac.dir/CheckSymbolExists.c.o
/usr/bin/cc   -D_GNU_SOURCE=1 -o CMakeFiles/cmTC_6e7ac.dir/CheckSymbolExists.c.o -c /home/feng/Projects/myapp/build/CMakeFiles/CMakeScratch/TryCompile-2SK0FS/CheckSymbolExists.c
Linking C executable cmTC_6e7ac
/usr/bin/cmake -E cmake_link_script CMakeFiles/cmTC_6e7ac.dir/link.txt --verbose=1
/usr/bin/cc   -D_GNU_SOURCE=1 CMakeFiles/cmTC_6e7ac.dir/CheckSymbolExists.c.o -o cmTC_6e7ac  -lm 
gmake[1]: Leaving directory '/home/feng/Projects/myapp/build/CMakeFiles/CMakeScratch/TryCompile-2SK0FS'


File CheckSymbolExists.c:
/* */
#include <float.h>
#include <iconv.h>
#include <inttypes.h>
#include <limits.h>
#include <malloc.h>
#include <math.h>
#include <memory.h>
#include <signal.h>
#include <stdarg.h>
#include <stdbool.h>
#include <stddef.h>
#include <stdint.h>
#include <stdio.h>
#include <stdlib.h>
#include <string.h>
#include <strings.h>
#include <sys/types.h>
#include <time.h>
#include <wchar.h>

int main(int argc, char** argv)
{
  (void)argv;
#ifndef ceil
  return ((int*)(&ceil))[argc];
#else
  (void)argc;
  return 0;
#endif
}
Determining if the ceilf exist passed with the following output:
Change Dir: /home/feng/Projects/myapp/build/CMakeFiles/CMakeScratch/TryCompile-cHkAhc

Run Build Command(s):/usr/bin/gmake -f Makefile cmTC_78fc7/fast && /usr/bin/gmake  -f CMakeFiles/cmTC_78fc7.dir/build.make CMakeFiles/cmTC_78fc7.dir/build
gmake[1]: Entering directory '/home/feng/Projects/myapp/build/CMakeFiles/CMakeScratch/TryCompile-cHkAhc'
Building C object CMakeFiles/cmTC_78fc7.dir/CheckSymbolExists.c.o
/usr/bin/cc   -D_GNU_SOURCE=1 -o CMakeFiles/cmTC_78fc7.dir/CheckSymbolExists.c.o -c /home/feng/Projects/myapp/build/CMakeFiles/CMakeScratch/TryCompile-cHkAhc/CheckSymbolExists.c
Linking C executable cmTC_78fc7
/usr/bin/cmake -E cmake_link_script CMakeFiles/cmTC_78fc7.dir/link.txt --verbose=1
/usr/bin/cc   -D_GNU_SOURCE=1 CMakeFiles/cmTC_78fc7.dir/CheckSymbolExists.c.o -o cmTC_78fc7  -lm 
gmake[1]: Leaving directory '/home/feng/Projects/myapp/build/CMakeFiles/CMakeScratch/TryCompile-cHkAhc'


File CheckSymbolExists.c:
/* */
#include <float.h>
#include <iconv.h>
#include <inttypes.h>
#include <limits.h>
#include <malloc.h>
#include <math.h>
#include <memory.h>
#include <signal.h>
#include <stdarg.h>
#include <stdbool.h>
#include <stddef.h>
#include <stdint.h>
#include <stdio.h>
#include <stdlib.h>
#include <string.h>
#include <strings.h>
#include <sys/types.h>
#include <time.h>
#include <wchar.h>

int main(int argc, char** argv)
{
  (void)argv;
#ifndef ceilf
  return ((int*)(&ceilf))[argc];
#else
  (void)argc;
  return 0;
#endif
}
Determining if the copysign exist passed with the following output:
Change Dir: /home/feng/Projects/myapp/build/CMakeFiles/CMakeScratch/TryCompile-wcbXfy

Run Build Command(s):/usr/bin/gmake -f Makefile cmTC_3a423/fast && /usr/bin/gmake  -f CMakeFiles/cmTC_3a423.dir/build.make CMakeFiles/cmTC_3a423.dir/build
gmake[1]: Entering directory '/home/feng/Projects/myapp/build/CMakeFiles/CMakeScratch/TryCompile-wcbXfy'
Building C object CMakeFiles/cmTC_3a423.dir/CheckSymbolExists.c.o
/usr/bin/cc   -D_GNU_SOURCE=1 -o CMakeFiles/cmTC_3a423.dir/CheckSymbolExists.c.o -c /home/feng/Projects/myapp/build/CMakeFiles/CMakeScratch/TryCompile-wcbXfy/CheckSymbolExists.c
Linking C executable cmTC_3a423
/usr/bin/cmake -E cmake_link_script CMakeFiles/cmTC_3a423.dir/link.txt --verbose=1
/usr/bin/cc   -D_GNU_SOURCE=1 CMakeFiles/cmTC_3a423.dir/CheckSymbolExists.c.o -o cmTC_3a423  -lm 
gmake[1]: Leaving directory '/home/feng/Projects/myapp/build/CMakeFiles/CMakeScratch/TryCompile-wcbXfy'


File CheckSymbolExists.c:
/* */
#include <float.h>
#include <iconv.h>
#include <inttypes.h>
#include <limits.h>
#include <malloc.h>
#include <math.h>
#include <memory.h>
#include <signal.h>
#include <stdarg.h>
#include <stdbool.h>
#include <stddef.h>
#include <stdint.h>
#include <stdio.h>
#include <stdlib.h>
#include <string.h>
#include <strings.h>
#include <sys/types.h>
#include <time.h>
#include <wchar.h>

int main(int argc, char** argv)
{
  (void)argv;
#ifndef copysign
  return ((int*)(&copysign))[argc];
#else
  (void)argc;
  return 0;
#endif
}
Determining if the copysignf exist passed with the following output:
Change Dir: /home/feng/Projects/myapp/build/CMakeFiles/CMakeScratch/TryCompile-VZ3qKy

Run Build Command(s):/usr/bin/gmake -f Makefile cmTC_6693c/fast && /usr/bin/gmake  -f CMakeFiles/cmTC_6693c.dir/build.make CMakeFiles/cmTC_6693c.dir/build
gmake[1]: Entering directory '/home/feng/Projects/myapp/build/CMakeFiles/CMakeScratch/TryCompile-VZ3qKy'
Building C object CMakeFiles/cmTC_6693c.dir/CheckSymbolExists.c.o
/usr/bin/cc   -D_GNU_SOURCE=1 -o CMakeFiles/cmTC_6693c.dir/CheckSymbolExists.c.o -c /home/feng/Projects/myapp/build/CMakeFiles/CMakeScratch/TryCompile-VZ3qKy/CheckSymbolExists.c
Linking C executable cmTC_6693c
/usr/bin/cmake -E cmake_link_script CMakeFiles/cmTC_6693c.dir/link.txt --verbose=1
/usr/bin/cc   -D_GNU_SOURCE=1 CMakeFiles/cmTC_6693c.dir/CheckSymbolExists.c.o -o cmTC_6693c  -lm 
gmake[1]: Leaving directory '/home/feng/Projects/myapp/build/CMakeFiles/CMakeScratch/TryCompile-VZ3qKy'


File CheckSymbolExists.c:
/* */
#include <float.h>
#include <iconv.h>
#include <inttypes.h>
#include <limits.h>
#include <malloc.h>
#include <math.h>
#include <memory.h>
#include <signal.h>
#include <stdarg.h>
#include <stdbool.h>
#include <stddef.h>
#include <stdint.h>
#include <stdio.h>
#include <stdlib.h>
#include <string.h>
#include <strings.h>
#include <sys/types.h>
#include <time.h>
#include <wchar.h>

int main(int argc, char** argv)
{
  (void)argv;
#ifndef copysignf
  return ((int*)(&copysignf))[argc];
#else
  (void)argc;
  return 0;
#endif
}
Determining if the cos exist passed with the following output:
Change Dir: /home/feng/Projects/myapp/build/CMakeFiles/CMakeScratch/TryCompile-X3YK3N

Run Build Command(s):/usr/bin/gmake -f Makefile cmTC_5f26c/fast && /usr/bin/gmake  -f CMakeFiles/cmTC_5f26c.dir/build.make CMakeFiles/cmTC_5f26c.dir/build
gmake[1]: Entering directory '/home/feng/Projects/myapp/build/CMakeFiles/CMakeScratch/TryCompile-X3YK3N'
Building C object CMakeFiles/cmTC_5f26c.dir/CheckSymbolExists.c.o
/usr/bin/cc   -D_GNU_SOURCE=1 -o CMakeFiles/cmTC_5f26c.dir/CheckSymbolExists.c.o -c /home/feng/Projects/myapp/build/CMakeFiles/CMakeScratch/TryCompile-X3YK3N/CheckSymbolExists.c
Linking C executable cmTC_5f26c
/usr/bin/cmake -E cmake_link_script CMakeFiles/cmTC_5f26c.dir/link.txt --verbose=1
/usr/bin/cc   -D_GNU_SOURCE=1 CMakeFiles/cmTC_5f26c.dir/CheckSymbolExists.c.o -o cmTC_5f26c  -lm 
gmake[1]: Leaving directory '/home/feng/Projects/myapp/build/CMakeFiles/CMakeScratch/TryCompile-X3YK3N'


File CheckSymbolExists.c:
/* */
#include <float.h>
#include <iconv.h>
#include <inttypes.h>
#include <limits.h>
#include <malloc.h>
#include <math.h>
#include <memory.h>
#include <signal.h>
#include <stdarg.h>
#include <stdbool.h>
#include <stddef.h>
#include <stdint.h>
#include <stdio.h>
#include <stdlib.h>
#include <string.h>
#include <strings.h>
#include <sys/types.h>
#include <time.h>
#include <wchar.h>

int main(int argc, char** argv)
{
  (void)argv;
#ifndef cos
  return ((int*)(&cos))[argc];
#else
  (void)argc;
  return 0;
#endif
}
Determining if the cosf exist passed with the following output:
Change Dir: /home/feng/Projects/myapp/build/CMakeFiles/CMakeScratch/TryCompile-GFEy0j

Run Build Command(s):/usr/bin/gmake -f Makefile cmTC_adaa8/fast && /usr/bin/gmake  -f CMakeFiles/cmTC_adaa8.dir/build.make CMakeFiles/cmTC_adaa8.dir/build
gmake[1]: Entering directory '/home/feng/Projects/myapp/build/CMakeFiles/CMakeScratch/TryCompile-GFEy0j'
Building C object CMakeFiles/cmTC_adaa8.dir/CheckSymbolExists.c.o
/usr/bin/cc   -D_GNU_SOURCE=1 -o CMakeFiles/cmTC_adaa8.dir/CheckSymbolExists.c.o -c /home/feng/Projects/myapp/build/CMakeFiles/CMakeScratch/TryCompile-GFEy0j/CheckSymbolExists.c
Linking C executable cmTC_adaa8
/usr/bin/cmake -E cmake_link_script CMakeFiles/cmTC_adaa8.dir/link.txt --verbose=1
/usr/bin/cc   -D_GNU_SOURCE=1 CMakeFiles/cmTC_adaa8.dir/CheckSymbolExists.c.o -o cmTC_adaa8  -lm 
gmake[1]: Leaving directory '/home/feng/Projects/myapp/build/CMakeFiles/CMakeScratch/TryCompile-GFEy0j'


File CheckSymbolExists.c:
/* */
#include <float.h>
#include <iconv.h>
#include <inttypes.h>
#include <limits.h>
#include <malloc.h>
#include <math.h>
#include <memory.h>
#include <signal.h>
#include <stdarg.h>
#include <stdbool.h>
#include <stddef.h>
#include <stdint.h>
#include <stdio.h>
#include <stdlib.h>
#include <string.h>
#include <strings.h>
#include <sys/types.h>
#include <time.h>
#include <wchar.h>

int main(int argc, char** argv)
{
  (void)argv;
#ifndef cosf
  return ((int*)(&cosf))[argc];
#else
  (void)argc;
  return 0;
#endif
}
Determining if the _Exit exist passed with the following output:
Change Dir: /home/feng/Projects/myapp/build/CMakeFiles/CMakeScratch/TryCompile-aBZTK3

Run Build Command(s):/usr/bin/gmake -f Makefile cmTC_2fe25/fast && /usr/bin/gmake  -f CMakeFiles/cmTC_2fe25.dir/build.make CMakeFiles/cmTC_2fe25.dir/build
gmake[1]: Entering directory '/home/feng/Projects/myapp/build/CMakeFiles/CMakeScratch/TryCompile-aBZTK3'
Building C object CMakeFiles/cmTC_2fe25.dir/CheckSymbolExists.c.o
/usr/bin/cc   -D_GNU_SOURCE=1 -o CMakeFiles/cmTC_2fe25.dir/CheckSymbolExists.c.o -c /home/feng/Projects/myapp/build/CMakeFiles/CMakeScratch/TryCompile-aBZTK3/CheckSymbolExists.c
Linking C executable cmTC_2fe25
/usr/bin/cmake -E cmake_link_script CMakeFiles/cmTC_2fe25.dir/link.txt --verbose=1
/usr/bin/cc   -D_GNU_SOURCE=1 CMakeFiles/cmTC_2fe25.dir/CheckSymbolExists.c.o -o cmTC_2fe25  -lm 
gmake[1]: Leaving directory '/home/feng/Projects/myapp/build/CMakeFiles/CMakeScratch/TryCompile-aBZTK3'


File CheckSymbolExists.c:
/* */
#include <float.h>
#include <iconv.h>
#include <inttypes.h>
#include <limits.h>
#include <malloc.h>
#include <math.h>
#include <memory.h>
#include <signal.h>
#include <stdarg.h>
#include <stdbool.h>
#include <stddef.h>
#include <stdint.h>
#include <stdio.h>
#include <stdlib.h>
#include <string.h>
#include <strings.h>
#include <sys/types.h>
#include <time.h>
#include <wchar.h>

int main(int argc, char** argv)
{
  (void)argv;
#ifndef _Exit
  return ((int*)(&_Exit))[argc];
#else
  (void)argc;
  return 0;
#endif
}
Determining if the exp exist passed with the following output:
Change Dir: /home/feng/Projects/myapp/build/CMakeFiles/CMakeScratch/TryCompile-gmUDeo

Run Build Command(s):/usr/bin/gmake -f Makefile cmTC_7b333/fast && /usr/bin/gmake  -f CMakeFiles/cmTC_7b333.dir/build.make CMakeFiles/cmTC_7b333.dir/build
gmake[1]: Entering directory '/home/feng/Projects/myapp/build/CMakeFiles/CMakeScratch/TryCompile-gmUDeo'
Building C object CMakeFiles/cmTC_7b333.dir/CheckSymbolExists.c.o
/usr/bin/cc   -D_GNU_SOURCE=1 -o CMakeFiles/cmTC_7b333.dir/CheckSymbolExists.c.o -c /home/feng/Projects/myapp/build/CMakeFiles/CMakeScratch/TryCompile-gmUDeo/CheckSymbolExists.c
Linking C executable cmTC_7b333
/usr/bin/cmake -E cmake_link_script CMakeFiles/cmTC_7b333.dir/link.txt --verbose=1
/usr/bin/cc   -D_GNU_SOURCE=1 CMakeFiles/cmTC_7b333.dir/CheckSymbolExists.c.o -o cmTC_7b333  -lm 
gmake[1]: Leaving directory '/home/feng/Projects/myapp/build/CMakeFiles/CMakeScratch/TryCompile-gmUDeo'


File CheckSymbolExists.c:
/* */
#include <float.h>
#include <iconv.h>
#include <inttypes.h>
#include <limits.h>
#include <malloc.h>
#include <math.h>
#include <memory.h>
#include <signal.h>
#include <stdarg.h>
#include <stdbool.h>
#include <stddef.h>
#include <stdint.h>
#include <stdio.h>
#include <stdlib.h>
#include <string.h>
#include <strings.h>
#include <sys/types.h>
#include <time.h>
#include <wchar.h>

int main(int argc, char** argv)
{
  (void)argv;
#ifndef exp
  return ((int*)(&exp))[argc];
#else
  (void)argc;
  return 0;
#endif
}
Determining if the expf exist passed with the following output:
Change Dir: /home/feng/Projects/myapp/build/CMakeFiles/CMakeScratch/TryCompile-nyPHXm

Run Build Command(s):/usr/bin/gmake -f Makefile cmTC_0f34e/fast && /usr/bin/gmake  -f CMakeFiles/cmTC_0f34e.dir/build.make CMakeFiles/cmTC_0f34e.dir/build
gmake[1]: Entering directory '/home/feng/Projects/myapp/build/CMakeFiles/CMakeScratch/TryCompile-nyPHXm'
Building C object CMakeFiles/cmTC_0f34e.dir/CheckSymbolExists.c.o
/usr/bin/cc   -D_GNU_SOURCE=1 -o CMakeFiles/cmTC_0f34e.dir/CheckSymbolExists.c.o -c /home/feng/Projects/myapp/build/CMakeFiles/CMakeScratch/TryCompile-nyPHXm/CheckSymbolExists.c
Linking C executable cmTC_0f34e
/usr/bin/cmake -E cmake_link_script CMakeFiles/cmTC_0f34e.dir/link.txt --verbose=1
/usr/bin/cc   -D_GNU_SOURCE=1 CMakeFiles/cmTC_0f34e.dir/CheckSymbolExists.c.o -o cmTC_0f34e  -lm 
gmake[1]: Leaving directory '/home/feng/Projects/myapp/build/CMakeFiles/CMakeScratch/TryCompile-nyPHXm'


File CheckSymbolExists.c:
/* */
#include <float.h>
#include <iconv.h>
#include <inttypes.h>
#include <limits.h>
#include <malloc.h>
#include <math.h>
#include <memory.h>
#include <signal.h>
#include <stdarg.h>
#include <stdbool.h>
#include <stddef.h>
#include <stdint.h>
#include <stdio.h>
#include <stdlib.h>
#include <string.h>
#include <strings.h>
#include <sys/types.h>
#include <time.h>
#include <wchar.h>

int main(int argc, char** argv)
{
  (void)argv;
#ifndef expf
  return ((int*)(&expf))[argc];
#else
  (void)argc;
  return 0;
#endif
}
Determining if the fabs exist passed with the following output:
Change Dir: /home/feng/Projects/myapp/build/CMakeFiles/CMakeScratch/TryCompile-nEEKZK

Run Build Command(s):/usr/bin/gmake -f Makefile cmTC_25102/fast && /usr/bin/gmake  -f CMakeFiles/cmTC_25102.dir/build.make CMakeFiles/cmTC_25102.dir/build
gmake[1]: Entering directory '/home/feng/Projects/myapp/build/CMakeFiles/CMakeScratch/TryCompile-nEEKZK'
Building C object CMakeFiles/cmTC_25102.dir/CheckSymbolExists.c.o
/usr/bin/cc   -D_GNU_SOURCE=1 -o CMakeFiles/cmTC_25102.dir/CheckSymbolExists.c.o -c /home/feng/Projects/myapp/build/CMakeFiles/CMakeScratch/TryCompile-nEEKZK/CheckSymbolExists.c
Linking C executable cmTC_25102
/usr/bin/cmake -E cmake_link_script CMakeFiles/cmTC_25102.dir/link.txt --verbose=1
/usr/bin/cc   -D_GNU_SOURCE=1 CMakeFiles/cmTC_25102.dir/CheckSymbolExists.c.o -o cmTC_25102  -lm 
gmake[1]: Leaving directory '/home/feng/Projects/myapp/build/CMakeFiles/CMakeScratch/TryCompile-nEEKZK'


File CheckSymbolExists.c:
/* */
#include <float.h>
#include <iconv.h>
#include <inttypes.h>
#include <limits.h>
#include <malloc.h>
#include <math.h>
#include <memory.h>
#include <signal.h>
#include <stdarg.h>
#include <stdbool.h>
#include <stddef.h>
#include <stdint.h>
#include <stdio.h>
#include <stdlib.h>
#include <string.h>
#include <strings.h>
#include <sys/types.h>
#include <time.h>
#include <wchar.h>

int main(int argc, char** argv)
{
  (void)argv;
#ifndef fabs
  return ((int*)(&fabs))[argc];
#else
  (void)argc;
  return 0;
#endif
}
Determining if the fabsf exist passed with the following output:
Change Dir: /home/feng/Projects/myapp/build/CMakeFiles/CMakeScratch/TryCompile-fI7Rtd

Run Build Command(s):/usr/bin/gmake -f Makefile cmTC_083af/fast && /usr/bin/gmake  -f CMakeFiles/cmTC_083af.dir/build.make CMakeFiles/cmTC_083af.dir/build
gmake[1]: Entering directory '/home/feng/Projects/myapp/build/CMakeFiles/CMakeScratch/TryCompile-fI7Rtd'
Building C object CMakeFiles/cmTC_083af.dir/CheckSymbolExists.c.o
/usr/bin/cc   -D_GNU_SOURCE=1 -o CMakeFiles/cmTC_083af.dir/CheckSymbolExists.c.o -c /home/feng/Projects/myapp/build/CMakeFiles/CMakeScratch/TryCompile-fI7Rtd/CheckSymbolExists.c
Linking C executable cmTC_083af
/usr/bin/cmake -E cmake_link_script CMakeFiles/cmTC_083af.dir/link.txt --verbose=1
/usr/bin/cc   -D_GNU_SOURCE=1 CMakeFiles/cmTC_083af.dir/CheckSymbolExists.c.o -o cmTC_083af  -lm 
gmake[1]: Leaving directory '/home/feng/Projects/myapp/build/CMakeFiles/CMakeScratch/TryCompile-fI7Rtd'


File CheckSymbolExists.c:
/* */
#include <float.h>
#include <iconv.h>
#include <inttypes.h>
#include <limits.h>
#include <malloc.h>
#include <math.h>
#include <memory.h>
#include <signal.h>
#include <stdarg.h>
#include <stdbool.h>
#include <stddef.h>
#include <stdint.h>
#include <stdio.h>
#include <stdlib.h>
#include <string.h>
#include <strings.h>
#include <sys/types.h>
#include <time.h>
#include <wchar.h>

int main(int argc, char** argv)
{
  (void)argv;
#ifndef fabsf
  return ((int*)(&fabsf))[argc];
#else
  (void)argc;
  return 0;
#endif
}
Determining if the floor exist passed with the following output:
Change Dir: /home/feng/Projects/myapp/build/CMakeFiles/CMakeScratch/TryCompile-akdEwv

Run Build Command(s):/usr/bin/gmake -f Makefile cmTC_3b4b4/fast && /usr/bin/gmake  -f CMakeFiles/cmTC_3b4b4.dir/build.make CMakeFiles/cmTC_3b4b4.dir/build
gmake[1]: Entering directory '/home/feng/Projects/myapp/build/CMakeFiles/CMakeScratch/TryCompile-akdEwv'
Building C object CMakeFiles/cmTC_3b4b4.dir/CheckSymbolExists.c.o
/usr/bin/cc   -D_GNU_SOURCE=1 -o CMakeFiles/cmTC_3b4b4.dir/CheckSymbolExists.c.o -c /home/feng/Projects/myapp/build/CMakeFiles/CMakeScratch/TryCompile-akdEwv/CheckSymbolExists.c
Linking C executable cmTC_3b4b4
/usr/bin/cmake -E cmake_link_script CMakeFiles/cmTC_3b4b4.dir/link.txt --verbose=1
/usr/bin/cc   -D_GNU_SOURCE=1 CMakeFiles/cmTC_3b4b4.dir/CheckSymbolExists.c.o -o cmTC_3b4b4  -lm 
gmake[1]: Leaving directory '/home/feng/Projects/myapp/build/CMakeFiles/CMakeScratch/TryCompile-akdEwv'


File CheckSymbolExists.c:
/* */
#include <float.h>
#include <iconv.h>
#include <inttypes.h>
#include <limits.h>
#include <malloc.h>
#include <math.h>
#include <memory.h>
#include <signal.h>
#include <stdarg.h>
#include <stdbool.h>
#include <stddef.h>
#include <stdint.h>
#include <stdio.h>
#include <stdlib.h>
#include <string.h>
#include <strings.h>
#include <sys/types.h>
#include <time.h>
#include <wchar.h>

int main(int argc, char** argv)
{
  (void)argv;
#ifndef floor
  return ((int*)(&floor))[argc];
#else
  (void)argc;
  return 0;
#endif
}
Determining if the floorf exist passed with the following output:
Change Dir: /home/feng/Projects/myapp/build/CMakeFiles/CMakeScratch/TryCompile-UQeRWZ

Run Build Command(s):/usr/bin/gmake -f Makefile cmTC_555cd/fast && /usr/bin/gmake  -f CMakeFiles/cmTC_555cd.dir/build.make CMakeFiles/cmTC_555cd.dir/build
gmake[1]: Entering directory '/home/feng/Projects/myapp/build/CMakeFiles/CMakeScratch/TryCompile-UQeRWZ'
Building C object CMakeFiles/cmTC_555cd.dir/CheckSymbolExists.c.o
/usr/bin/cc   -D_GNU_SOURCE=1 -o CMakeFiles/cmTC_555cd.dir/CheckSymbolExists.c.o -c /home/feng/Projects/myapp/build/CMakeFiles/CMakeScratch/TryCompile-UQeRWZ/CheckSymbolExists.c
Linking C executable cmTC_555cd
/usr/bin/cmake -E cmake_link_script CMakeFiles/cmTC_555cd.dir/link.txt --verbose=1
/usr/bin/cc   -D_GNU_SOURCE=1 CMakeFiles/cmTC_555cd.dir/CheckSymbolExists.c.o -o cmTC_555cd  -lm 
gmake[1]: Leaving directory '/home/feng/Projects/myapp/build/CMakeFiles/CMakeScratch/TryCompile-UQeRWZ'


File CheckSymbolExists.c:
/* */
#include <float.h>
#include <iconv.h>
#include <inttypes.h>
#include <limits.h>
#include <malloc.h>
#include <math.h>
#include <memory.h>
#include <signal.h>
#include <stdarg.h>
#include <stdbool.h>
#include <stddef.h>
#include <stdint.h>
#include <stdio.h>
#include <stdlib.h>
#include <string.h>
#include <strings.h>
#include <sys/types.h>
#include <time.h>
#include <wchar.h>

int main(int argc, char** argv)
{
  (void)argv;
#ifndef floorf
  return ((int*)(&floorf))[argc];
#else
  (void)argc;
  return 0;
#endif
}
Determining if the fmod exist passed with the following output:
Change Dir: /home/feng/Projects/myapp/build/CMakeFiles/CMakeScratch/TryCompile-nU883L

Run Build Command(s):/usr/bin/gmake -f Makefile cmTC_2e7a0/fast && /usr/bin/gmake  -f CMakeFiles/cmTC_2e7a0.dir/build.make CMakeFiles/cmTC_2e7a0.dir/build
gmake[1]: Entering directory '/home/feng/Projects/myapp/build/CMakeFiles/CMakeScratch/TryCompile-nU883L'
Building C object CMakeFiles/cmTC_2e7a0.dir/CheckSymbolExists.c.o
/usr/bin/cc   -D_GNU_SOURCE=1 -o CMakeFiles/cmTC_2e7a0.dir/CheckSymbolExists.c.o -c /home/feng/Projects/myapp/build/CMakeFiles/CMakeScratch/TryCompile-nU883L/CheckSymbolExists.c
Linking C executable cmTC_2e7a0
/usr/bin/cmake -E cmake_link_script CMakeFiles/cmTC_2e7a0.dir/link.txt --verbose=1
/usr/bin/cc   -D_GNU_SOURCE=1 CMakeFiles/cmTC_2e7a0.dir/CheckSymbolExists.c.o -o cmTC_2e7a0  -lm 
gmake[1]: Leaving directory '/home/feng/Projects/myapp/build/CMakeFiles/CMakeScratch/TryCompile-nU883L'


File CheckSymbolExists.c:
/* */
#include <float.h>
#include <iconv.h>
#include <inttypes.h>
#include <limits.h>
#include <malloc.h>
#include <math.h>
#include <memory.h>
#include <signal.h>
#include <stdarg.h>
#include <stdbool.h>
#include <stddef.h>
#include <stdint.h>
#include <stdio.h>
#include <stdlib.h>
#include <string.h>
#include <strings.h>
#include <sys/types.h>
#include <time.h>
#include <wchar.h>

int main(int argc, char** argv)
{
  (void)argv;
#ifndef fmod
  return ((int*)(&fmod))[argc];
#else
  (void)argc;
  return 0;
#endif
}
Determining if the fmodf exist passed with the following output:
Change Dir: /home/feng/Projects/myapp/build/CMakeFiles/CMakeScratch/TryCompile-ZmaVcN

Run Build Command(s):/usr/bin/gmake -f Makefile cmTC_aa044/fast && /usr/bin/gmake  -f CMakeFiles/cmTC_aa044.dir/build.make CMakeFiles/cmTC_aa044.dir/build
gmake[1]: Entering directory '/home/feng/Projects/myapp/build/CMakeFiles/CMakeScratch/TryCompile-ZmaVcN'
Building C object CMakeFiles/cmTC_aa044.dir/CheckSymbolExists.c.o
/usr/bin/cc   -D_GNU_SOURCE=1 -o CMakeFiles/cmTC_aa044.dir/CheckSymbolExists.c.o -c /home/feng/Projects/myapp/build/CMakeFiles/CMakeScratch/TryCompile-ZmaVcN/CheckSymbolExists.c
Linking C executable cmTC_aa044
/usr/bin/cmake -E cmake_link_script CMakeFiles/cmTC_aa044.dir/link.txt --verbose=1
/usr/bin/cc   -D_GNU_SOURCE=1 CMakeFiles/cmTC_aa044.dir/CheckSymbolExists.c.o -o cmTC_aa044  -lm 
gmake[1]: Leaving directory '/home/feng/Projects/myapp/build/CMakeFiles/CMakeScratch/TryCompile-ZmaVcN'


File CheckSymbolExists.c:
/* */
#include <float.h>
#include <iconv.h>
#include <inttypes.h>
#include <limits.h>
#include <malloc.h>
#include <math.h>
#include <memory.h>
#include <signal.h>
#include <stdarg.h>
#include <stdbool.h>
#include <stddef.h>
#include <stdint.h>
#include <stdio.h>
#include <stdlib.h>
#include <string.h>
#include <strings.h>
#include <sys/types.h>
#include <time.h>
#include <wchar.h>

int main(int argc, char** argv)
{
  (void)argv;
#ifndef fmodf
  return ((int*)(&fmodf))[argc];
#else
  (void)argc;
  return 0;
#endif
}
Determining if the fopen64 exist passed with the following output:
Change Dir: /home/feng/Projects/myapp/build/CMakeFiles/CMakeScratch/TryCompile-dwnXjF

Run Build Command(s):/usr/bin/gmake -f Makefile cmTC_122e4/fast && /usr/bin/gmake  -f CMakeFiles/cmTC_122e4.dir/build.make CMakeFiles/cmTC_122e4.dir/build
gmake[1]: Entering directory '/home/feng/Projects/myapp/build/CMakeFiles/CMakeScratch/TryCompile-dwnXjF'
Building C object CMakeFiles/cmTC_122e4.dir/CheckSymbolExists.c.o
/usr/bin/cc   -D_GNU_SOURCE=1 -o CMakeFiles/cmTC_122e4.dir/CheckSymbolExists.c.o -c /home/feng/Projects/myapp/build/CMakeFiles/CMakeScratch/TryCompile-dwnXjF/CheckSymbolExists.c
Linking C executable cmTC_122e4
/usr/bin/cmake -E cmake_link_script CMakeFiles/cmTC_122e4.dir/link.txt --verbose=1
/usr/bin/cc   -D_GNU_SOURCE=1 CMakeFiles/cmTC_122e4.dir/CheckSymbolExists.c.o -o cmTC_122e4  -lm 
gmake[1]: Leaving directory '/home/feng/Projects/myapp/build/CMakeFiles/CMakeScratch/TryCompile-dwnXjF'


File CheckSymbolExists.c:
/* */
#include <float.h>
#include <iconv.h>
#include <inttypes.h>
#include <limits.h>
#include <malloc.h>
#include <math.h>
#include <memory.h>
#include <signal.h>
#include <stdarg.h>
#include <stdbool.h>
#include <stddef.h>
#include <stdint.h>
#include <stdio.h>
#include <stdlib.h>
#include <string.h>
#include <strings.h>
#include <sys/types.h>
#include <time.h>
#include <wchar.h>

int main(int argc, char** argv)
{
  (void)argv;
#ifndef fopen64
  return ((int*)(&fopen64))[argc];
#else
  (void)argc;
  return 0;
#endif
}
Determining if the fseeko exist passed with the following output:
Change Dir: /home/feng/Projects/myapp/build/CMakeFiles/CMakeScratch/TryCompile-iZCVjR

Run Build Command(s):/usr/bin/gmake -f Makefile cmTC_e6e50/fast && /usr/bin/gmake  -f CMakeFiles/cmTC_e6e50.dir/build.make CMakeFiles/cmTC_e6e50.dir/build
gmake[1]: Entering directory '/home/feng/Projects/myapp/build/CMakeFiles/CMakeScratch/TryCompile-iZCVjR'
Building C object CMakeFiles/cmTC_e6e50.dir/CheckSymbolExists.c.o
/usr/bin/cc   -D_GNU_SOURCE=1 -o CMakeFiles/cmTC_e6e50.dir/CheckSymbolExists.c.o -c /home/feng/Projects/myapp/build/CMakeFiles/CMakeScratch/TryCompile-iZCVjR/CheckSymbolExists.c
Linking C executable cmTC_e6e50
/usr/bin/cmake -E cmake_link_script CMakeFiles/cmTC_e6e50.dir/link.txt --verbose=1
/usr/bin/cc   -D_GNU_SOURCE=1 CMakeFiles/cmTC_e6e50.dir/CheckSymbolExists.c.o -o cmTC_e6e50  -lm 
gmake[1]: Leaving directory '/home/feng/Projects/myapp/build/CMakeFiles/CMakeScratch/TryCompile-iZCVjR'


File CheckSymbolExists.c:
/* */
#include <float.h>
#include <iconv.h>
#include <inttypes.h>
#include <limits.h>
#include <malloc.h>
#include <math.h>
#include <memory.h>
#include <signal.h>
#include <stdarg.h>
#include <stdbool.h>
#include <stddef.h>
#include <stdint.h>
#include <stdio.h>
#include <stdlib.h>
#include <string.h>
#include <strings.h>
#include <sys/types.h>
#include <time.h>
#include <wchar.h>

int main(int argc, char** argv)
{
  (void)argv;
#ifndef fseeko
  return ((int*)(&fseeko))[argc];
#else
  (void)argc;
  return 0;
#endif
}
Determining if the fseeko64 exist passed with the following output:
Change Dir: /home/feng/Projects/myapp/build/CMakeFiles/CMakeScratch/TryCompile-WomcgY

Run Build Command(s):/usr/bin/gmake -f Makefile cmTC_adb2d/fast && /usr/bin/gmake  -f CMakeFiles/cmTC_adb2d.dir/build.make CMakeFiles/cmTC_adb2d.dir/build
gmake[1]: Entering directory '/home/feng/Projects/myapp/build/CMakeFiles/CMakeScratch/TryCompile-WomcgY'
Building C object CMakeFiles/cmTC_adb2d.dir/CheckSymbolExists.c.o
/usr/bin/cc   -D_GNU_SOURCE=1 -o CMakeFiles/cmTC_adb2d.dir/CheckSymbolExists.c.o -c /home/feng/Projects/myapp/build/CMakeFiles/CMakeScratch/TryCompile-WomcgY/CheckSymbolExists.c
Linking C executable cmTC_adb2d
/usr/bin/cmake -E cmake_link_script CMakeFiles/cmTC_adb2d.dir/link.txt --verbose=1
/usr/bin/cc   -D_GNU_SOURCE=1 CMakeFiles/cmTC_adb2d.dir/CheckSymbolExists.c.o -o cmTC_adb2d  -lm 
gmake[1]: Leaving directory '/home/feng/Projects/myapp/build/CMakeFiles/CMakeScratch/TryCompile-WomcgY'


File CheckSymbolExists.c:
/* */
#include <float.h>
#include <iconv.h>
#include <inttypes.h>
#include <limits.h>
#include <malloc.h>
#include <math.h>
#include <memory.h>
#include <signal.h>
#include <stdarg.h>
#include <stdbool.h>
#include <stddef.h>
#include <stdint.h>
#include <stdio.h>
#include <stdlib.h>
#include <string.h>
#include <strings.h>
#include <sys/types.h>
#include <time.h>
#include <wchar.h>

int main(int argc, char** argv)
{
  (void)argv;
#ifndef fseeko64
  return ((int*)(&fseeko64))[argc];
#else
  (void)argc;
  return 0;
#endif
}
Determining if the getenv exist passed with the following output:
Change Dir: /home/feng/Projects/myapp/build/CMakeFiles/CMakeScratch/TryCompile-RsCT5R

Run Build Command(s):/usr/bin/gmake -f Makefile cmTC_d41b5/fast && /usr/bin/gmake  -f CMakeFiles/cmTC_d41b5.dir/build.make CMakeFiles/cmTC_d41b5.dir/build
gmake[1]: Entering directory '/home/feng/Projects/myapp/build/CMakeFiles/CMakeScratch/TryCompile-RsCT5R'
Building C object CMakeFiles/cmTC_d41b5.dir/CheckSymbolExists.c.o
/usr/bin/cc   -D_GNU_SOURCE=1 -o CMakeFiles/cmTC_d41b5.dir/CheckSymbolExists.c.o -c /home/feng/Projects/myapp/build/CMakeFiles/CMakeScratch/TryCompile-RsCT5R/CheckSymbolExists.c
Linking C executable cmTC_d41b5
/usr/bin/cmake -E cmake_link_script CMakeFiles/cmTC_d41b5.dir/link.txt --verbose=1
/usr/bin/cc   -D_GNU_SOURCE=1 CMakeFiles/cmTC_d41b5.dir/CheckSymbolExists.c.o -o cmTC_d41b5  -lm 
gmake[1]: Leaving directory '/home/feng/Projects/myapp/build/CMakeFiles/CMakeScratch/TryCompile-RsCT5R'


File CheckSymbolExists.c:
/* */
#include <float.h>
#include <iconv.h>
#include <inttypes.h>
#include <limits.h>
#include <malloc.h>
#include <math.h>
#include <memory.h>
#include <signal.h>
#include <stdarg.h>
#include <stdbool.h>
#include <stddef.h>
#include <stdint.h>
#include <stdio.h>
#include <stdlib.h>
#include <string.h>
#include <strings.h>
#include <sys/types.h>
#include <time.h>
#include <wchar.h>

int main(int argc, char** argv)
{
  (void)argv;
#ifndef getenv
  return ((int*)(&getenv))[argc];
#else
  (void)argc;
  return 0;
#endif
}
Determining if the index exist passed with the following output:
Change Dir: /home/feng/Projects/myapp/build/CMakeFiles/CMakeScratch/TryCompile-TdvthF

Run Build Command(s):/usr/bin/gmake -f Makefile cmTC_2aa4c/fast && /usr/bin/gmake  -f CMakeFiles/cmTC_2aa4c.dir/build.make CMakeFiles/cmTC_2aa4c.dir/build
gmake[1]: Entering directory '/home/feng/Projects/myapp/build/CMakeFiles/CMakeScratch/TryCompile-TdvthF'
Building C object CMakeFiles/cmTC_2aa4c.dir/CheckSymbolExists.c.o
/usr/bin/cc   -D_GNU_SOURCE=1 -o CMakeFiles/cmTC_2aa4c.dir/CheckSymbolExists.c.o -c /home/feng/Projects/myapp/build/CMakeFiles/CMakeScratch/TryCompile-TdvthF/CheckSymbolExists.c
Linking C executable cmTC_2aa4c
/usr/bin/cmake -E cmake_link_script CMakeFiles/cmTC_2aa4c.dir/link.txt --verbose=1
/usr/bin/cc   -D_GNU_SOURCE=1 CMakeFiles/cmTC_2aa4c.dir/CheckSymbolExists.c.o -o cmTC_2aa4c  -lm 
gmake[1]: Leaving directory '/home/feng/Projects/myapp/build/CMakeFiles/CMakeScratch/TryCompile-TdvthF'


File CheckSymbolExists.c:
/* */
#include <float.h>
#include <iconv.h>
#include <inttypes.h>
#include <limits.h>
#include <malloc.h>
#include <math.h>
#include <memory.h>
#include <signal.h>
#include <stdarg.h>
#include <stdbool.h>
#include <stddef.h>
#include <stdint.h>
#include <stdio.h>
#include <stdlib.h>
#include <string.h>
#include <strings.h>
#include <sys/types.h>
#include <time.h>
#include <wchar.h>

int main(int argc, char** argv)
{
  (void)argv;
#ifndef index
  return ((int*)(&index))[argc];
#else
  (void)argc;
  return 0;
#endif
}
Determining if the log exist passed with the following output:
Change Dir: /home/feng/Projects/myapp/build/CMakeFiles/CMakeScratch/TryCompile-KAupXF

Run Build Command(s):/usr/bin/gmake -f Makefile cmTC_4d509/fast && /usr/bin/gmake  -f CMakeFiles/cmTC_4d509.dir/build.make CMakeFiles/cmTC_4d509.dir/build
gmake[1]: Entering directory '/home/feng/Projects/myapp/build/CMakeFiles/CMakeScratch/TryCompile-KAupXF'
Building C object CMakeFiles/cmTC_4d509.dir/CheckSymbolExists.c.o
/usr/bin/cc   -D_GNU_SOURCE=1 -o CMakeFiles/cmTC_4d509.dir/CheckSymbolExists.c.o -c /home/feng/Projects/myapp/build/CMakeFiles/CMakeScratch/TryCompile-KAupXF/CheckSymbolExists.c
Linking C executable cmTC_4d509
/usr/bin/cmake -E cmake_link_script CMakeFiles/cmTC_4d509.dir/link.txt --verbose=1
/usr/bin/cc   -D_GNU_SOURCE=1 CMakeFiles/cmTC_4d509.dir/CheckSymbolExists.c.o -o cmTC_4d509  -lm 
gmake[1]: Leaving directory '/home/feng/Projects/myapp/build/CMakeFiles/CMakeScratch/TryCompile-KAupXF'


File CheckSymbolExists.c:
/* */
#include <float.h>
#include <iconv.h>
#include <inttypes.h>
#include <limits.h>
#include <malloc.h>
#include <math.h>
#include <memory.h>
#include <signal.h>
#include <stdarg.h>
#include <stdbool.h>
#include <stddef.h>
#include <stdint.h>
#include <stdio.h>
#include <stdlib.h>
#include <string.h>
#include <strings.h>
#include <sys/types.h>
#include <time.h>
#include <wchar.h>

int main(int argc, char** argv)
{
  (void)argv;
#ifndef log
  return ((int*)(&log))[argc];
#else
  (void)argc;
  return 0;
#endif
}
Determining if the log10 exist passed with the following output:
Change Dir: /home/feng/Projects/myapp/build/CMakeFiles/CMakeScratch/TryCompile-lO94uR

Run Build Command(s):/usr/bin/gmake -f Makefile cmTC_718e6/fast && /usr/bin/gmake  -f CMakeFiles/cmTC_718e6.dir/build.make CMakeFiles/cmTC_718e6.dir/build
gmake[1]: Entering directory '/home/feng/Projects/myapp/build/CMakeFiles/CMakeScratch/TryCompile-lO94uR'
Building C object CMakeFiles/cmTC_718e6.dir/CheckSymbolExists.c.o
/usr/bin/cc   -D_GNU_SOURCE=1 -o CMakeFiles/cmTC_718e6.dir/CheckSymbolExists.c.o -c /home/feng/Projects/myapp/build/CMakeFiles/CMakeScratch/TryCompile-lO94uR/CheckSymbolExists.c
Linking C executable cmTC_718e6
/usr/bin/cmake -E cmake_link_script CMakeFiles/cmTC_718e6.dir/link.txt --verbose=1
/usr/bin/cc   -D_GNU_SOURCE=1 CMakeFiles/cmTC_718e6.dir/CheckSymbolExists.c.o -o cmTC_718e6  -lm 
gmake[1]: Leaving directory '/home/feng/Projects/myapp/build/CMakeFiles/CMakeScratch/TryCompile-lO94uR'


File CheckSymbolExists.c:
/* */
#include <float.h>
#include <iconv.h>
#include <inttypes.h>
#include <limits.h>
#include <malloc.h>
#include <math.h>
#include <memory.h>
#include <signal.h>
#include <stdarg.h>
#include <stdbool.h>
#include <stddef.h>
#include <stdint.h>
#include <stdio.h>
#include <stdlib.h>
#include <string.h>
#include <strings.h>
#include <sys/types.h>
#include <time.h>
#include <wchar.h>

int main(int argc, char** argv)
{
  (void)argv;
#ifndef log10
  return ((int*)(&log10))[argc];
#else
  (void)argc;
  return 0;
#endif
}
Determining if the log10f exist passed with the following output:
Change Dir: /home/feng/Projects/myapp/build/CMakeFiles/CMakeScratch/TryCompile-xzIlNi

Run Build Command(s):/usr/bin/gmake -f Makefile cmTC_03faf/fast && /usr/bin/gmake  -f CMakeFiles/cmTC_03faf.dir/build.make CMakeFiles/cmTC_03faf.dir/build
gmake[1]: Entering directory '/home/feng/Projects/myapp/build/CMakeFiles/CMakeScratch/TryCompile-xzIlNi'
Building C object CMakeFiles/cmTC_03faf.dir/CheckSymbolExists.c.o
/usr/bin/cc   -D_GNU_SOURCE=1 -o CMakeFiles/cmTC_03faf.dir/CheckSymbolExists.c.o -c /home/feng/Projects/myapp/build/CMakeFiles/CMakeScratch/TryCompile-xzIlNi/CheckSymbolExists.c
Linking C executable cmTC_03faf
/usr/bin/cmake -E cmake_link_script CMakeFiles/cmTC_03faf.dir/link.txt --verbose=1
/usr/bin/cc   -D_GNU_SOURCE=1 CMakeFiles/cmTC_03faf.dir/CheckSymbolExists.c.o -o cmTC_03faf  -lm 
gmake[1]: Leaving directory '/home/feng/Projects/myapp/build/CMakeFiles/CMakeScratch/TryCompile-xzIlNi'


File CheckSymbolExists.c:
/* */
#include <float.h>
#include <iconv.h>
#include <inttypes.h>
#include <limits.h>
#include <malloc.h>
#include <math.h>
#include <memory.h>
#include <signal.h>
#include <stdarg.h>
#include <stdbool.h>
#include <stddef.h>
#include <stdint.h>
#include <stdio.h>
#include <stdlib.h>
#include <string.h>
#include <strings.h>
#include <sys/types.h>
#include <time.h>
#include <wchar.h>

int main(int argc, char** argv)
{
  (void)argv;
#ifndef log10f
  return ((int*)(&log10f))[argc];
#else
  (void)argc;
  return 0;
#endif
}
Determining if the logf exist passed with the following output:
Change Dir: /home/feng/Projects/myapp/build/CMakeFiles/CMakeScratch/TryCompile-yRQbIC

Run Build Command(s):/usr/bin/gmake -f Makefile cmTC_99266/fast && /usr/bin/gmake  -f CMakeFiles/cmTC_99266.dir/build.make CMakeFiles/cmTC_99266.dir/build
gmake[1]: Entering directory '/home/feng/Projects/myapp/build/CMakeFiles/CMakeScratch/TryCompile-yRQbIC'
Building C object CMakeFiles/cmTC_99266.dir/CheckSymbolExists.c.o
/usr/bin/cc   -D_GNU_SOURCE=1 -o CMakeFiles/cmTC_99266.dir/CheckSymbolExists.c.o -c /home/feng/Projects/myapp/build/CMakeFiles/CMakeScratch/TryCompile-yRQbIC/CheckSymbolExists.c
Linking C executable cmTC_99266
/usr/bin/cmake -E cmake_link_script CMakeFiles/cmTC_99266.dir/link.txt --verbose=1
/usr/bin/cc   -D_GNU_SOURCE=1 CMakeFiles/cmTC_99266.dir/CheckSymbolExists.c.o -o cmTC_99266  -lm 
gmake[1]: Leaving directory '/home/feng/Projects/myapp/build/CMakeFiles/CMakeScratch/TryCompile-yRQbIC'


File CheckSymbolExists.c:
/* */
#include <float.h>
#include <iconv.h>
#include <inttypes.h>
#include <limits.h>
#include <malloc.h>
#include <math.h>
#include <memory.h>
#include <signal.h>
#include <stdarg.h>
#include <stdbool.h>
#include <stddef.h>
#include <stdint.h>
#include <stdio.h>
#include <stdlib.h>
#include <string.h>
#include <strings.h>
#include <sys/types.h>
#include <time.h>
#include <wchar.h>

int main(int argc, char** argv)
{
  (void)argv;
#ifndef logf
  return ((int*)(&logf))[argc];
#else
  (void)argc;
  return 0;
#endif
}
Determining if the lround exist passed with the following output:
Change Dir: /home/feng/Projects/myapp/build/CMakeFiles/CMakeScratch/TryCompile-Km9Pp0

Run Build Command(s):/usr/bin/gmake -f Makefile cmTC_c109e/fast && /usr/bin/gmake  -f CMakeFiles/cmTC_c109e.dir/build.make CMakeFiles/cmTC_c109e.dir/build
gmake[1]: Entering directory '/home/feng/Projects/myapp/build/CMakeFiles/CMakeScratch/TryCompile-Km9Pp0'
Building C object CMakeFiles/cmTC_c109e.dir/CheckSymbolExists.c.o
/usr/bin/cc   -D_GNU_SOURCE=1 -o CMakeFiles/cmTC_c109e.dir/CheckSymbolExists.c.o -c /home/feng/Projects/myapp/build/CMakeFiles/CMakeScratch/TryCompile-Km9Pp0/CheckSymbolExists.c
Linking C executable cmTC_c109e
/usr/bin/cmake -E cmake_link_script CMakeFiles/cmTC_c109e.dir/link.txt --verbose=1
/usr/bin/cc   -D_GNU_SOURCE=1 CMakeFiles/cmTC_c109e.dir/CheckSymbolExists.c.o -o cmTC_c109e  -lm 
gmake[1]: Leaving directory '/home/feng/Projects/myapp/build/CMakeFiles/CMakeScratch/TryCompile-Km9Pp0'


File CheckSymbolExists.c:
/* */
#include <float.h>
#include <iconv.h>
#include <inttypes.h>
#include <limits.h>
#include <malloc.h>
#include <math.h>
#include <memory.h>
#include <signal.h>
#include <stdarg.h>
#include <stdbool.h>
#include <stddef.h>
#include <stdint.h>
#include <stdio.h>
#include <stdlib.h>
#include <string.h>
#include <strings.h>
#include <sys/types.h>
#include <time.h>
#include <wchar.h>

int main(int argc, char** argv)
{
  (void)argv;
#ifndef lround
  return ((int*)(&lround))[argc];
#else
  (void)argc;
  return 0;
#endif
}
Determining if the lroundf exist passed with the following output:
Change Dir: /home/feng/Projects/myapp/build/CMakeFiles/CMakeScratch/TryCompile-JLxAUC

Run Build Command(s):/usr/bin/gmake -f Makefile cmTC_8550a/fast && /usr/bin/gmake  -f CMakeFiles/cmTC_8550a.dir/build.make CMakeFiles/cmTC_8550a.dir/build
gmake[1]: Entering directory '/home/feng/Projects/myapp/build/CMakeFiles/CMakeScratch/TryCompile-JLxAUC'
Building C object CMakeFiles/cmTC_8550a.dir/CheckSymbolExists.c.o
/usr/bin/cc   -D_GNU_SOURCE=1 -o CMakeFiles/cmTC_8550a.dir/CheckSymbolExists.c.o -c /home/feng/Projects/myapp/build/CMakeFiles/CMakeScratch/TryCompile-JLxAUC/CheckSymbolExists.c
Linking C executable cmTC_8550a
/usr/bin/cmake -E cmake_link_script CMakeFiles/cmTC_8550a.dir/link.txt --verbose=1
/usr/bin/cc   -D_GNU_SOURCE=1 CMakeFiles/cmTC_8550a.dir/CheckSymbolExists.c.o -o cmTC_8550a  -lm 
gmake[1]: Leaving directory '/home/feng/Projects/myapp/build/CMakeFiles/CMakeScratch/TryCompile-JLxAUC'


File CheckSymbolExists.c:
/* */
#include <float.h>
#include <iconv.h>
#include <inttypes.h>
#include <limits.h>
#include <malloc.h>
#include <math.h>
#include <memory.h>
#include <signal.h>
#include <stdarg.h>
#include <stdbool.h>
#include <stddef.h>
#include <stdint.h>
#include <stdio.h>
#include <stdlib.h>
#include <string.h>
#include <strings.h>
#include <sys/types.h>
#include <time.h>
#include <wchar.h>

int main(int argc, char** argv)
{
  (void)argv;
#ifndef lroundf
  return ((int*)(&lroundf))[argc];
#else
  (void)argc;
  return 0;
#endif
}
Determining if the malloc exist passed with the following output:
Change Dir: /home/feng/Projects/myapp/build/CMakeFiles/CMakeScratch/TryCompile-nNsCiT

Run Build Command(s):/usr/bin/gmake -f Makefile cmTC_065ff/fast && /usr/bin/gmake  -f CMakeFiles/cmTC_065ff.dir/build.make CMakeFiles/cmTC_065ff.dir/build
gmake[1]: Entering directory '/home/feng/Projects/myapp/build/CMakeFiles/CMakeScratch/TryCompile-nNsCiT'
Building C object CMakeFiles/cmTC_065ff.dir/CheckSymbolExists.c.o
/usr/bin/cc   -D_GNU_SOURCE=1 -o CMakeFiles/cmTC_065ff.dir/CheckSymbolExists.c.o -c /home/feng/Projects/myapp/build/CMakeFiles/CMakeScratch/TryCompile-nNsCiT/CheckSymbolExists.c
Linking C executable cmTC_065ff
/usr/bin/cmake -E cmake_link_script CMakeFiles/cmTC_065ff.dir/link.txt --verbose=1
/usr/bin/cc   -D_GNU_SOURCE=1 CMakeFiles/cmTC_065ff.dir/CheckSymbolExists.c.o -o cmTC_065ff  -lm 
gmake[1]: Leaving directory '/home/feng/Projects/myapp/build/CMakeFiles/CMakeScratch/TryCompile-nNsCiT'


File CheckSymbolExists.c:
/* */
#include <float.h>
#include <iconv.h>
#include <inttypes.h>
#include <limits.h>
#include <malloc.h>
#include <math.h>
#include <memory.h>
#include <signal.h>
#include <stdarg.h>
#include <stdbool.h>
#include <stddef.h>
#include <stdint.h>
#include <stdio.h>
#include <stdlib.h>
#include <string.h>
#include <strings.h>
#include <sys/types.h>
#include <time.h>
#include <wchar.h>

int main(int argc, char** argv)
{
  (void)argv;
#ifndef malloc
  return ((int*)(&malloc))[argc];
#else
  (void)argc;
  return 0;
#endif
}
Determining if the memcmp exist passed with the following output:
Change Dir: /home/feng/Projects/myapp/build/CMakeFiles/CMakeScratch/TryCompile-mDjY5N

Run Build Command(s):/usr/bin/gmake -f Makefile cmTC_e179e/fast && /usr/bin/gmake  -f CMakeFiles/cmTC_e179e.dir/build.make CMakeFiles/cmTC_e179e.dir/build
gmake[1]: Entering directory '/home/feng/Projects/myapp/build/CMakeFiles/CMakeScratch/TryCompile-mDjY5N'
Building C object CMakeFiles/cmTC_e179e.dir/CheckSymbolExists.c.o
/usr/bin/cc   -D_GNU_SOURCE=1 -o CMakeFiles/cmTC_e179e.dir/CheckSymbolExists.c.o -c /home/feng/Projects/myapp/build/CMakeFiles/CMakeScratch/TryCompile-mDjY5N/CheckSymbolExists.c
Linking C executable cmTC_e179e
/usr/bin/cmake -E cmake_link_script CMakeFiles/cmTC_e179e.dir/link.txt --verbose=1
/usr/bin/cc   -D_GNU_SOURCE=1 CMakeFiles/cmTC_e179e.dir/CheckSymbolExists.c.o -o cmTC_e179e  -lm 
gmake[1]: Leaving directory '/home/feng/Projects/myapp/build/CMakeFiles/CMakeScratch/TryCompile-mDjY5N'


File CheckSymbolExists.c:
/* */
#include <float.h>
#include <iconv.h>
#include <inttypes.h>
#include <limits.h>
#include <malloc.h>
#include <math.h>
#include <memory.h>
#include <signal.h>
#include <stdarg.h>
#include <stdbool.h>
#include <stddef.h>
#include <stdint.h>
#include <stdio.h>
#include <stdlib.h>
#include <string.h>
#include <strings.h>
#include <sys/types.h>
#include <time.h>
#include <wchar.h>

int main(int argc, char** argv)
{
  (void)argv;
#ifndef memcmp
  return ((int*)(&memcmp))[argc];
#else
  (void)argc;
  return 0;
#endif
}
Determining if the memcpy exist passed with the following output:
Change Dir: /home/feng/Projects/myapp/build/CMakeFiles/CMakeScratch/TryCompile-DQYGOC

Run Build Command(s):/usr/bin/gmake -f Makefile cmTC_0cc46/fast && /usr/bin/gmake  -f CMakeFiles/cmTC_0cc46.dir/build.make CMakeFiles/cmTC_0cc46.dir/build
gmake[1]: Entering directory '/home/feng/Projects/myapp/build/CMakeFiles/CMakeScratch/TryCompile-DQYGOC'
Building C object CMakeFiles/cmTC_0cc46.dir/CheckSymbolExists.c.o
/usr/bin/cc   -D_GNU_SOURCE=1 -o CMakeFiles/cmTC_0cc46.dir/CheckSymbolExists.c.o -c /home/feng/Projects/myapp/build/CMakeFiles/CMakeScratch/TryCompile-DQYGOC/CheckSymbolExists.c
Linking C executable cmTC_0cc46
/usr/bin/cmake -E cmake_link_script CMakeFiles/cmTC_0cc46.dir/link.txt --verbose=1
/usr/bin/cc   -D_GNU_SOURCE=1 CMakeFiles/cmTC_0cc46.dir/CheckSymbolExists.c.o -o cmTC_0cc46  -lm 
gmake[1]: Leaving directory '/home/feng/Projects/myapp/build/CMakeFiles/CMakeScratch/TryCompile-DQYGOC'


File CheckSymbolExists.c:
/* */
#include <float.h>
#include <iconv.h>
#include <inttypes.h>
#include <limits.h>
#include <malloc.h>
#include <math.h>
#include <memory.h>
#include <signal.h>
#include <stdarg.h>
#include <stdbool.h>
#include <stddef.h>
#include <stdint.h>
#include <stdio.h>
#include <stdlib.h>
#include <string.h>
#include <strings.h>
#include <sys/types.h>
#include <time.h>
#include <wchar.h>

int main(int argc, char** argv)
{
  (void)argv;
#ifndef memcpy
  return ((int*)(&memcpy))[argc];
#else
  (void)argc;
  return 0;
#endif
}
Determining if the memmove exist passed with the following output:
Change Dir: /home/feng/Projects/myapp/build/CMakeFiles/CMakeScratch/TryCompile-8vmfoe

Run Build Command(s):/usr/bin/gmake -f Makefile cmTC_44aeb/fast && /usr/bin/gmake  -f CMakeFiles/cmTC_44aeb.dir/build.make CMakeFiles/cmTC_44aeb.dir/build
gmake[1]: Entering directory '/home/feng/Projects/myapp/build/CMakeFiles/CMakeScratch/TryCompile-8vmfoe'
Building C object CMakeFiles/cmTC_44aeb.dir/CheckSymbolExists.c.o
/usr/bin/cc   -D_GNU_SOURCE=1 -o CMakeFiles/cmTC_44aeb.dir/CheckSymbolExists.c.o -c /home/feng/Projects/myapp/build/CMakeFiles/CMakeScratch/TryCompile-8vmfoe/CheckSymbolExists.c
Linking C executable cmTC_44aeb
/usr/bin/cmake -E cmake_link_script CMakeFiles/cmTC_44aeb.dir/link.txt --verbose=1
/usr/bin/cc   -D_GNU_SOURCE=1 CMakeFiles/cmTC_44aeb.dir/CheckSymbolExists.c.o -o cmTC_44aeb  -lm 
gmake[1]: Leaving directory '/home/feng/Projects/myapp/build/CMakeFiles/CMakeScratch/TryCompile-8vmfoe'


File CheckSymbolExists.c:
/* */
#include <float.h>
#include <iconv.h>
#include <inttypes.h>
#include <limits.h>
#include <malloc.h>
#include <math.h>
#include <memory.h>
#include <signal.h>
#include <stdarg.h>
#include <stdbool.h>
#include <stddef.h>
#include <stdint.h>
#include <stdio.h>
#include <stdlib.h>
#include <string.h>
#include <strings.h>
#include <sys/types.h>
#include <time.h>
#include <wchar.h>

int main(int argc, char** argv)
{
  (void)argv;
#ifndef memmove
  return ((int*)(&memmove))[argc];
#else
  (void)argc;
  return 0;
#endif
}
Determining if the memset exist passed with the following output:
Change Dir: /home/feng/Projects/myapp/build/CMakeFiles/CMakeScratch/TryCompile-BXcup2

Run Build Command(s):/usr/bin/gmake -f Makefile cmTC_98c58/fast && /usr/bin/gmake  -f CMakeFiles/cmTC_98c58.dir/build.make CMakeFiles/cmTC_98c58.dir/build
gmake[1]: Entering directory '/home/feng/Projects/myapp/build/CMakeFiles/CMakeScratch/TryCompile-BXcup2'
Building C object CMakeFiles/cmTC_98c58.dir/CheckSymbolExists.c.o
/usr/bin/cc   -D_GNU_SOURCE=1 -o CMakeFiles/cmTC_98c58.dir/CheckSymbolExists.c.o -c /home/feng/Projects/myapp/build/CMakeFiles/CMakeScratch/TryCompile-BXcup2/CheckSymbolExists.c
Linking C executable cmTC_98c58
/usr/bin/cmake -E cmake_link_script CMakeFiles/cmTC_98c58.dir/link.txt --verbose=1
/usr/bin/cc   -D_GNU_SOURCE=1 CMakeFiles/cmTC_98c58.dir/CheckSymbolExists.c.o -o cmTC_98c58  -lm 
gmake[1]: Leaving directory '/home/feng/Projects/myapp/build/CMakeFiles/CMakeScratch/TryCompile-BXcup2'


File CheckSymbolExists.c:
/* */
#include <float.h>
#include <iconv.h>
#include <inttypes.h>
#include <limits.h>
#include <malloc.h>
#include <math.h>
#include <memory.h>
#include <signal.h>
#include <stdarg.h>
#include <stdbool.h>
#include <stddef.h>
#include <stdint.h>
#include <stdio.h>
#include <stdlib.h>
#include <string.h>
#include <strings.h>
#include <sys/types.h>
#include <time.h>
#include <wchar.h>

int main(int argc, char** argv)
{
  (void)argv;
#ifndef memset
  return ((int*)(&memset))[argc];
#else
  (void)argc;
  return 0;
#endif
}
Determining if the modf exist passed with the following output:
Change Dir: /home/feng/Projects/myapp/build/CMakeFiles/CMakeScratch/TryCompile-mFjbL3

Run Build Command(s):/usr/bin/gmake -f Makefile cmTC_2982d/fast && /usr/bin/gmake  -f CMakeFiles/cmTC_2982d.dir/build.make CMakeFiles/cmTC_2982d.dir/build
gmake[1]: Entering directory '/home/feng/Projects/myapp/build/CMakeFiles/CMakeScratch/TryCompile-mFjbL3'
Building C object CMakeFiles/cmTC_2982d.dir/CheckSymbolExists.c.o
/usr/bin/cc   -D_GNU_SOURCE=1 -o CMakeFiles/cmTC_2982d.dir/CheckSymbolExists.c.o -c /home/feng/Projects/myapp/build/CMakeFiles/CMakeScratch/TryCompile-mFjbL3/CheckSymbolExists.c
Linking C executable cmTC_2982d
/usr/bin/cmake -E cmake_link_script CMakeFiles/cmTC_2982d.dir/link.txt --verbose=1
/usr/bin/cc   -D_GNU_SOURCE=1 CMakeFiles/cmTC_2982d.dir/CheckSymbolExists.c.o -o cmTC_2982d  -lm 
gmake[1]: Leaving directory '/home/feng/Projects/myapp/build/CMakeFiles/CMakeScratch/TryCompile-mFjbL3'


File CheckSymbolExists.c:
/* */
#include <float.h>
#include <iconv.h>
#include <inttypes.h>
#include <limits.h>
#include <malloc.h>
#include <math.h>
#include <memory.h>
#include <signal.h>
#include <stdarg.h>
#include <stdbool.h>
#include <stddef.h>
#include <stdint.h>
#include <stdio.h>
#include <stdlib.h>
#include <string.h>
#include <strings.h>
#include <sys/types.h>
#include <time.h>
#include <wchar.h>

int main(int argc, char** argv)
{
  (void)argv;
#ifndef modf
  return ((int*)(&modf))[argc];
#else
  (void)argc;
  return 0;
#endif
}
Determining if the modff exist passed with the following output:
Change Dir: /home/feng/Projects/myapp/build/CMakeFiles/CMakeScratch/TryCompile-xpjPQK

Run Build Command(s):/usr/bin/gmake -f Makefile cmTC_187c4/fast && /usr/bin/gmake  -f CMakeFiles/cmTC_187c4.dir/build.make CMakeFiles/cmTC_187c4.dir/build
gmake[1]: Entering directory '/home/feng/Projects/myapp/build/CMakeFiles/CMakeScratch/TryCompile-xpjPQK'
Building C object CMakeFiles/cmTC_187c4.dir/CheckSymbolExists.c.o
/usr/bin/cc   -D_GNU_SOURCE=1 -o CMakeFiles/cmTC_187c4.dir/CheckSymbolExists.c.o -c /home/feng/Projects/myapp/build/CMakeFiles/CMakeScratch/TryCompile-xpjPQK/CheckSymbolExists.c
Linking C executable cmTC_187c4
/usr/bin/cmake -E cmake_link_script CMakeFiles/cmTC_187c4.dir/link.txt --verbose=1
/usr/bin/cc   -D_GNU_SOURCE=1 CMakeFiles/cmTC_187c4.dir/CheckSymbolExists.c.o -o cmTC_187c4  -lm 
gmake[1]: Leaving directory '/home/feng/Projects/myapp/build/CMakeFiles/CMakeScratch/TryCompile-xpjPQK'


File CheckSymbolExists.c:
/* */
#include <float.h>
#include <iconv.h>
#include <inttypes.h>
#include <limits.h>
#include <malloc.h>
#include <math.h>
#include <memory.h>
#include <signal.h>
#include <stdarg.h>
#include <stdbool.h>
#include <stddef.h>
#include <stdint.h>
#include <stdio.h>
#include <stdlib.h>
#include <string.h>
#include <strings.h>
#include <sys/types.h>
#include <time.h>
#include <wchar.h>

int main(int argc, char** argv)
{
  (void)argv;
#ifndef modff
  return ((int*)(&modff))[argc];
#else
  (void)argc;
  return 0;
#endif
}
Determining if the pow exist passed with the following output:
Change Dir: /home/feng/Projects/myapp/build/CMakeFiles/CMakeScratch/TryCompile-dttX9X

Run Build Command(s):/usr/bin/gmake -f Makefile cmTC_ce6b1/fast && /usr/bin/gmake  -f CMakeFiles/cmTC_ce6b1.dir/build.make CMakeFiles/cmTC_ce6b1.dir/build
gmake[1]: Entering directory '/home/feng/Projects/myapp/build/CMakeFiles/CMakeScratch/TryCompile-dttX9X'
Building C object CMakeFiles/cmTC_ce6b1.dir/CheckSymbolExists.c.o
/usr/bin/cc   -D_GNU_SOURCE=1 -o CMakeFiles/cmTC_ce6b1.dir/CheckSymbolExists.c.o -c /home/feng/Projects/myapp/build/CMakeFiles/CMakeScratch/TryCompile-dttX9X/CheckSymbolExists.c
Linking C executable cmTC_ce6b1
/usr/bin/cmake -E cmake_link_script CMakeFiles/cmTC_ce6b1.dir/link.txt --verbose=1
/usr/bin/cc   -D_GNU_SOURCE=1 CMakeFiles/cmTC_ce6b1.dir/CheckSymbolExists.c.o -o cmTC_ce6b1  -lm 
gmake[1]: Leaving directory '/home/feng/Projects/myapp/build/CMakeFiles/CMakeScratch/TryCompile-dttX9X'


File CheckSymbolExists.c:
/* */
#include <float.h>
#include <iconv.h>
#include <inttypes.h>
#include <limits.h>
#include <malloc.h>
#include <math.h>
#include <memory.h>
#include <signal.h>
#include <stdarg.h>
#include <stdbool.h>
#include <stddef.h>
#include <stdint.h>
#include <stdio.h>
#include <stdlib.h>
#include <string.h>
#include <strings.h>
#include <sys/types.h>
#include <time.h>
#include <wchar.h>

int main(int argc, char** argv)
{
  (void)argv;
#ifndef pow
  return ((int*)(&pow))[argc];
#else
  (void)argc;
  return 0;
#endif
}
Determining if the powf exist passed with the following output:
Change Dir: /home/feng/Projects/myapp/build/CMakeFiles/CMakeScratch/TryCompile-KxDH6B

Run Build Command(s):/usr/bin/gmake -f Makefile cmTC_84cb3/fast && /usr/bin/gmake  -f CMakeFiles/cmTC_84cb3.dir/build.make CMakeFiles/cmTC_84cb3.dir/build
gmake[1]: Entering directory '/home/feng/Projects/myapp/build/CMakeFiles/CMakeScratch/TryCompile-KxDH6B'
Building C object CMakeFiles/cmTC_84cb3.dir/CheckSymbolExists.c.o
/usr/bin/cc   -D_GNU_SOURCE=1 -o CMakeFiles/cmTC_84cb3.dir/CheckSymbolExists.c.o -c /home/feng/Projects/myapp/build/CMakeFiles/CMakeScratch/TryCompile-KxDH6B/CheckSymbolExists.c
Linking C executable cmTC_84cb3
/usr/bin/cmake -E cmake_link_script CMakeFiles/cmTC_84cb3.dir/link.txt --verbose=1
/usr/bin/cc   -D_GNU_SOURCE=1 CMakeFiles/cmTC_84cb3.dir/CheckSymbolExists.c.o -o cmTC_84cb3  -lm 
gmake[1]: Leaving directory '/home/feng/Projects/myapp/build/CMakeFiles/CMakeScratch/TryCompile-KxDH6B'


File CheckSymbolExists.c:
/* */
#include <float.h>
#include <iconv.h>
#include <inttypes.h>
#include <limits.h>
#include <malloc.h>
#include <math.h>
#include <memory.h>
#include <signal.h>
#include <stdarg.h>
#include <stdbool.h>
#include <stddef.h>
#include <stdint.h>
#include <stdio.h>
#include <stdlib.h>
#include <string.h>
#include <strings.h>
#include <sys/types.h>
#include <time.h>
#include <wchar.h>

int main(int argc, char** argv)
{
  (void)argv;
#ifndef powf
  return ((int*)(&powf))[argc];
#else
  (void)argc;
  return 0;
#endif
}
Determining if the putenv exist passed with the following output:
Change Dir: /home/feng/Projects/myapp/build/CMakeFiles/CMakeScratch/TryCompile-i2TzcB

Run Build Command(s):/usr/bin/gmake -f Makefile cmTC_7a740/fast && /usr/bin/gmake  -f CMakeFiles/cmTC_7a740.dir/build.make CMakeFiles/cmTC_7a740.dir/build
gmake[1]: Entering directory '/home/feng/Projects/myapp/build/CMakeFiles/CMakeScratch/TryCompile-i2TzcB'
Building C object CMakeFiles/cmTC_7a740.dir/CheckSymbolExists.c.o
/usr/bin/cc   -D_GNU_SOURCE=1 -o CMakeFiles/cmTC_7a740.dir/CheckSymbolExists.c.o -c /home/feng/Projects/myapp/build/CMakeFiles/CMakeScratch/TryCompile-i2TzcB/CheckSymbolExists.c
Linking C executable cmTC_7a740
/usr/bin/cmake -E cmake_link_script CMakeFiles/cmTC_7a740.dir/link.txt --verbose=1
/usr/bin/cc   -D_GNU_SOURCE=1 CMakeFiles/cmTC_7a740.dir/CheckSymbolExists.c.o -o cmTC_7a740  -lm 
gmake[1]: Leaving directory '/home/feng/Projects/myapp/build/CMakeFiles/CMakeScratch/TryCompile-i2TzcB'


File CheckSymbolExists.c:
/* */
#include <float.h>
#include <iconv.h>
#include <inttypes.h>
#include <limits.h>
#include <malloc.h>
#include <math.h>
#include <memory.h>
#include <signal.h>
#include <stdarg.h>
#include <stdbool.h>
#include <stddef.h>
#include <stdint.h>
#include <stdio.h>
#include <stdlib.h>
#include <string.h>
#include <strings.h>
#include <sys/types.h>
#include <time.h>
#include <wchar.h>

int main(int argc, char** argv)
{
  (void)argv;
#ifndef putenv
  return ((int*)(&putenv))[argc];
#else
  (void)argc;
  return 0;
#endif
}
Determining if the rindex exist passed with the following output:
Change Dir: /home/feng/Projects/myapp/build/CMakeFiles/CMakeScratch/TryCompile-3qSe5V

Run Build Command(s):/usr/bin/gmake -f Makefile cmTC_3999d/fast && /usr/bin/gmake  -f CMakeFiles/cmTC_3999d.dir/build.make CMakeFiles/cmTC_3999d.dir/build
gmake[1]: Entering directory '/home/feng/Projects/myapp/build/CMakeFiles/CMakeScratch/TryCompile-3qSe5V'
Building C object CMakeFiles/cmTC_3999d.dir/CheckSymbolExists.c.o
/usr/bin/cc   -D_GNU_SOURCE=1 -o CMakeFiles/cmTC_3999d.dir/CheckSymbolExists.c.o -c /home/feng/Projects/myapp/build/CMakeFiles/CMakeScratch/TryCompile-3qSe5V/CheckSymbolExists.c
Linking C executable cmTC_3999d
/usr/bin/cmake -E cmake_link_script CMakeFiles/cmTC_3999d.dir/link.txt --verbose=1
/usr/bin/cc   -D_GNU_SOURCE=1 CMakeFiles/cmTC_3999d.dir/CheckSymbolExists.c.o -o cmTC_3999d  -lm 
gmake[1]: Leaving directory '/home/feng/Projects/myapp/build/CMakeFiles/CMakeScratch/TryCompile-3qSe5V'


File CheckSymbolExists.c:
/* */
#include <float.h>
#include <iconv.h>
#include <inttypes.h>
#include <limits.h>
#include <malloc.h>
#include <math.h>
#include <memory.h>
#include <signal.h>
#include <stdarg.h>
#include <stdbool.h>
#include <stddef.h>
#include <stdint.h>
#include <stdio.h>
#include <stdlib.h>
#include <string.h>
#include <strings.h>
#include <sys/types.h>
#include <time.h>
#include <wchar.h>

int main(int argc, char** argv)
{
  (void)argv;
#ifndef rindex
  return ((int*)(&rindex))[argc];
#else
  (void)argc;
  return 0;
#endif
}
Determining if the round exist passed with the following output:
Change Dir: /home/feng/Projects/myapp/build/CMakeFiles/CMakeScratch/TryCompile-FeEujV

Run Build Command(s):/usr/bin/gmake -f Makefile cmTC_94e19/fast && /usr/bin/gmake  -f CMakeFiles/cmTC_94e19.dir/build.make CMakeFiles/cmTC_94e19.dir/build
gmake[1]: Entering directory '/home/feng/Projects/myapp/build/CMakeFiles/CMakeScratch/TryCompile-FeEujV'
Building C object CMakeFiles/cmTC_94e19.dir/CheckSymbolExists.c.o
/usr/bin/cc   -D_GNU_SOURCE=1 -o CMakeFiles/cmTC_94e19.dir/CheckSymbolExists.c.o -c /home/feng/Projects/myapp/build/CMakeFiles/CMakeScratch/TryCompile-FeEujV/CheckSymbolExists.c
Linking C executable cmTC_94e19
/usr/bin/cmake -E cmake_link_script CMakeFiles/cmTC_94e19.dir/link.txt --verbose=1
/usr/bin/cc   -D_GNU_SOURCE=1 CMakeFiles/cmTC_94e19.dir/CheckSymbolExists.c.o -o cmTC_94e19  -lm 
gmake[1]: Leaving directory '/home/feng/Projects/myapp/build/CMakeFiles/CMakeScratch/TryCompile-FeEujV'


File CheckSymbolExists.c:
/* */
#include <float.h>
#include <iconv.h>
#include <inttypes.h>
#include <limits.h>
#include <malloc.h>
#include <math.h>
#include <memory.h>
#include <signal.h>
#include <stdarg.h>
#include <stdbool.h>
#include <stddef.h>
#include <stdint.h>
#include <stdio.h>
#include <stdlib.h>
#include <string.h>
#include <strings.h>
#include <sys/types.h>
#include <time.h>
#include <wchar.h>

int main(int argc, char** argv)
{
  (void)argv;
#ifndef round
  return ((int*)(&round))[argc];
#else
  (void)argc;
  return 0;
#endif
}
Determining if the roundf exist passed with the following output:
Change Dir: /home/feng/Projects/myapp/build/CMakeFiles/CMakeScratch/TryCompile-iwRi0z

Run Build Command(s):/usr/bin/gmake -f Makefile cmTC_82e07/fast && /usr/bin/gmake  -f CMakeFiles/cmTC_82e07.dir/build.make CMakeFiles/cmTC_82e07.dir/build
gmake[1]: Entering directory '/home/feng/Projects/myapp/build/CMakeFiles/CMakeScratch/TryCompile-iwRi0z'
Building C object CMakeFiles/cmTC_82e07.dir/CheckSymbolExists.c.o
/usr/bin/cc   -D_GNU_SOURCE=1 -o CMakeFiles/cmTC_82e07.dir/CheckSymbolExists.c.o -c /home/feng/Projects/myapp/build/CMakeFiles/CMakeScratch/TryCompile-iwRi0z/CheckSymbolExists.c
Linking C executable cmTC_82e07
/usr/bin/cmake -E cmake_link_script CMakeFiles/cmTC_82e07.dir/link.txt --verbose=1
/usr/bin/cc   -D_GNU_SOURCE=1 CMakeFiles/cmTC_82e07.dir/CheckSymbolExists.c.o -o cmTC_82e07  -lm 
gmake[1]: Leaving directory '/home/feng/Projects/myapp/build/CMakeFiles/CMakeScratch/TryCompile-iwRi0z'


File CheckSymbolExists.c:
/* */
#include <float.h>
#include <iconv.h>
#include <inttypes.h>
#include <limits.h>
#include <malloc.h>
#include <math.h>
#include <memory.h>
#include <signal.h>
#include <stdarg.h>
#include <stdbool.h>
#include <stddef.h>
#include <stdint.h>
#include <stdio.h>
#include <stdlib.h>
#include <string.h>
#include <strings.h>
#include <sys/types.h>
#include <time.h>
#include <wchar.h>

int main(int argc, char** argv)
{
  (void)argv;
#ifndef roundf
  return ((int*)(&roundf))[argc];
#else
  (void)argc;
  return 0;
#endif
}
Determining if the scalbn exist passed with the following output:
Change Dir: /home/feng/Projects/myapp/build/CMakeFiles/CMakeScratch/TryCompile-w2RR1Y

Run Build Command(s):/usr/bin/gmake -f Makefile cmTC_c92c2/fast && /usr/bin/gmake  -f CMakeFiles/cmTC_c92c2.dir/build.make CMakeFiles/cmTC_c92c2.dir/build
gmake[1]: Entering directory '/home/feng/Projects/myapp/build/CMakeFiles/CMakeScratch/TryCompile-w2RR1Y'
Building C object CMakeFiles/cmTC_c92c2.dir/CheckSymbolExists.c.o
/usr/bin/cc   -D_GNU_SOURCE=1 -o CMakeFiles/cmTC_c92c2.dir/CheckSymbolExists.c.o -c /home/feng/Projects/myapp/build/CMakeFiles/CMakeScratch/TryCompile-w2RR1Y/CheckSymbolExists.c
Linking C executable cmTC_c92c2
/usr/bin/cmake -E cmake_link_script CMakeFiles/cmTC_c92c2.dir/link.txt --verbose=1
/usr/bin/cc   -D_GNU_SOURCE=1 CMakeFiles/cmTC_c92c2.dir/CheckSymbolExists.c.o -o cmTC_c92c2  -lm 
gmake[1]: Leaving directory '/home/feng/Projects/myapp/build/CMakeFiles/CMakeScratch/TryCompile-w2RR1Y'


File CheckSymbolExists.c:
/* */
#include <float.h>
#include <iconv.h>
#include <inttypes.h>
#include <limits.h>
#include <malloc.h>
#include <math.h>
#include <memory.h>
#include <signal.h>
#include <stdarg.h>
#include <stdbool.h>
#include <stddef.h>
#include <stdint.h>
#include <stdio.h>
#include <stdlib.h>
#include <string.h>
#include <strings.h>
#include <sys/types.h>
#include <time.h>
#include <wchar.h>

int main(int argc, char** argv)
{
  (void)argv;
#ifndef scalbn
  return ((int*)(&scalbn))[argc];
#else
  (void)argc;
  return 0;
#endif
}
Determining if the scalbnf exist passed with the following output:
Change Dir: /home/feng/Projects/myapp/build/CMakeFiles/CMakeScratch/TryCompile-cwByCr

Run Build Command(s):/usr/bin/gmake -f Makefile cmTC_902d0/fast && /usr/bin/gmake  -f CMakeFiles/cmTC_902d0.dir/build.make CMakeFiles/cmTC_902d0.dir/build
gmake[1]: Entering directory '/home/feng/Projects/myapp/build/CMakeFiles/CMakeScratch/TryCompile-cwByCr'
Building C object CMakeFiles/cmTC_902d0.dir/CheckSymbolExists.c.o
/usr/bin/cc   -D_GNU_SOURCE=1 -o CMakeFiles/cmTC_902d0.dir/CheckSymbolExists.c.o -c /home/feng/Projects/myapp/build/CMakeFiles/CMakeScratch/TryCompile-cwByCr/CheckSymbolExists.c
Linking C executable cmTC_902d0
/usr/bin/cmake -E cmake_link_script CMakeFiles/cmTC_902d0.dir/link.txt --verbose=1
/usr/bin/cc   -D_GNU_SOURCE=1 CMakeFiles/cmTC_902d0.dir/CheckSymbolExists.c.o -o cmTC_902d0  -lm 
gmake[1]: Leaving directory '/home/feng/Projects/myapp/build/CMakeFiles/CMakeScratch/TryCompile-cwByCr'


File CheckSymbolExists.c:
/* */
#include <float.h>
#include <iconv.h>
#include <inttypes.h>
#include <limits.h>
#include <malloc.h>
#include <math.h>
#include <memory.h>
#include <signal.h>
#include <stdarg.h>
#include <stdbool.h>
#include <stddef.h>
#include <stdint.h>
#include <stdio.h>
#include <stdlib.h>
#include <string.h>
#include <strings.h>
#include <sys/types.h>
#include <time.h>
#include <wchar.h>

int main(int argc, char** argv)
{
  (void)argv;
#ifndef scalbnf
  return ((int*)(&scalbnf))[argc];
#else
  (void)argc;
  return 0;
#endif
}
Determining if the setenv exist passed with the following output:
Change Dir: /home/feng/Projects/myapp/build/CMakeFiles/CMakeScratch/TryCompile-HWbCMw

Run Build Command(s):/usr/bin/gmake -f Makefile cmTC_eaba0/fast && /usr/bin/gmake  -f CMakeFiles/cmTC_eaba0.dir/build.make CMakeFiles/cmTC_eaba0.dir/build
gmake[1]: Entering directory '/home/feng/Projects/myapp/build/CMakeFiles/CMakeScratch/TryCompile-HWbCMw'
Building C object CMakeFiles/cmTC_eaba0.dir/CheckSymbolExists.c.o
/usr/bin/cc   -D_GNU_SOURCE=1 -o CMakeFiles/cmTC_eaba0.dir/CheckSymbolExists.c.o -c /home/feng/Projects/myapp/build/CMakeFiles/CMakeScratch/TryCompile-HWbCMw/CheckSymbolExists.c
Linking C executable cmTC_eaba0
/usr/bin/cmake -E cmake_link_script CMakeFiles/cmTC_eaba0.dir/link.txt --verbose=1
/usr/bin/cc   -D_GNU_SOURCE=1 CMakeFiles/cmTC_eaba0.dir/CheckSymbolExists.c.o -o cmTC_eaba0  -lm 
gmake[1]: Leaving directory '/home/feng/Projects/myapp/build/CMakeFiles/CMakeScratch/TryCompile-HWbCMw'


File CheckSymbolExists.c:
/* */
#include <float.h>
#include <iconv.h>
#include <inttypes.h>
#include <limits.h>
#include <malloc.h>
#include <math.h>
#include <memory.h>
#include <signal.h>
#include <stdarg.h>
#include <stdbool.h>
#include <stddef.h>
#include <stdint.h>
#include <stdio.h>
#include <stdlib.h>
#include <string.h>
#include <strings.h>
#include <sys/types.h>
#include <time.h>
#include <wchar.h>

int main(int argc, char** argv)
{
  (void)argv;
#ifndef setenv
  return ((int*)(&setenv))[argc];
#else
  (void)argc;
  return 0;
#endif
}
Determining if the sin exist passed with the following output:
Change Dir: /home/feng/Projects/myapp/build/CMakeFiles/CMakeScratch/TryCompile-3VDMAy

Run Build Command(s):/usr/bin/gmake -f Makefile cmTC_e5a7e/fast && /usr/bin/gmake  -f CMakeFiles/cmTC_e5a7e.dir/build.make CMakeFiles/cmTC_e5a7e.dir/build
gmake[1]: Entering directory '/home/feng/Projects/myapp/build/CMakeFiles/CMakeScratch/TryCompile-3VDMAy'
Building C object CMakeFiles/cmTC_e5a7e.dir/CheckSymbolExists.c.o
/usr/bin/cc   -D_GNU_SOURCE=1 -o CMakeFiles/cmTC_e5a7e.dir/CheckSymbolExists.c.o -c /home/feng/Projects/myapp/build/CMakeFiles/CMakeScratch/TryCompile-3VDMAy/CheckSymbolExists.c
Linking C executable cmTC_e5a7e
/usr/bin/cmake -E cmake_link_script CMakeFiles/cmTC_e5a7e.dir/link.txt --verbose=1
/usr/bin/cc   -D_GNU_SOURCE=1 CMakeFiles/cmTC_e5a7e.dir/CheckSymbolExists.c.o -o cmTC_e5a7e  -lm 
gmake[1]: Leaving directory '/home/feng/Projects/myapp/build/CMakeFiles/CMakeScratch/TryCompile-3VDMAy'


File CheckSymbolExists.c:
/* */
#include <float.h>
#include <iconv.h>
#include <inttypes.h>
#include <limits.h>
#include <malloc.h>
#include <math.h>
#include <memory.h>
#include <signal.h>
#include <stdarg.h>
#include <stdbool.h>
#include <stddef.h>
#include <stdint.h>
#include <stdio.h>
#include <stdlib.h>
#include <string.h>
#include <strings.h>
#include <sys/types.h>
#include <time.h>
#include <wchar.h>

int main(int argc, char** argv)
{
  (void)argv;
#ifndef sin
  return ((int*)(&sin))[argc];
#else
  (void)argc;
  return 0;
#endif
}
Determining if the sinf exist passed with the following output:
Change Dir: /home/feng/Projects/myapp/build/CMakeFiles/CMakeScratch/TryCompile-lE5qMc

Run Build Command(s):/usr/bin/gmake -f Makefile cmTC_8b1e0/fast && /usr/bin/gmake  -f CMakeFiles/cmTC_8b1e0.dir/build.make CMakeFiles/cmTC_8b1e0.dir/build
gmake[1]: Entering directory '/home/feng/Projects/myapp/build/CMakeFiles/CMakeScratch/TryCompile-lE5qMc'
Building C object CMakeFiles/cmTC_8b1e0.dir/CheckSymbolExists.c.o
/usr/bin/cc   -D_GNU_SOURCE=1 -o CMakeFiles/cmTC_8b1e0.dir/CheckSymbolExists.c.o -c /home/feng/Projects/myapp/build/CMakeFiles/CMakeScratch/TryCompile-lE5qMc/CheckSymbolExists.c
Linking C executable cmTC_8b1e0
/usr/bin/cmake -E cmake_link_script CMakeFiles/cmTC_8b1e0.dir/link.txt --verbose=1
/usr/bin/cc   -D_GNU_SOURCE=1 CMakeFiles/cmTC_8b1e0.dir/CheckSymbolExists.c.o -o cmTC_8b1e0  -lm 
gmake[1]: Leaving directory '/home/feng/Projects/myapp/build/CMakeFiles/CMakeScratch/TryCompile-lE5qMc'


File CheckSymbolExists.c:
/* */
#include <float.h>
#include <iconv.h>
#include <inttypes.h>
#include <limits.h>
#include <malloc.h>
#include <math.h>
#include <memory.h>
#include <signal.h>
#include <stdarg.h>
#include <stdbool.h>
#include <stddef.h>
#include <stdint.h>
#include <stdio.h>
#include <stdlib.h>
#include <string.h>
#include <strings.h>
#include <sys/types.h>
#include <time.h>
#include <wchar.h>

int main(int argc, char** argv)
{
  (void)argv;
#ifndef sinf
  return ((int*)(&sinf))[argc];
#else
  (void)argc;
  return 0;
#endif
}
Determining if the sqrt exist passed with the following output:
Change Dir: /home/feng/Projects/myapp/build/CMakeFiles/CMakeScratch/TryCompile-NEzyQU

Run Build Command(s):/usr/bin/gmake -f Makefile cmTC_432bd/fast && /usr/bin/gmake  -f CMakeFiles/cmTC_432bd.dir/build.make CMakeFiles/cmTC_432bd.dir/build
gmake[1]: Entering directory '/home/feng/Projects/myapp/build/CMakeFiles/CMakeScratch/TryCompile-NEzyQU'
Building C object CMakeFiles/cmTC_432bd.dir/CheckSymbolExists.c.o
/usr/bin/cc   -D_GNU_SOURCE=1 -o CMakeFiles/cmTC_432bd.dir/CheckSymbolExists.c.o -c /home/feng/Projects/myapp/build/CMakeFiles/CMakeScratch/TryCompile-NEzyQU/CheckSymbolExists.c
Linking C executable cmTC_432bd
/usr/bin/cmake -E cmake_link_script CMakeFiles/cmTC_432bd.dir/link.txt --verbose=1
/usr/bin/cc   -D_GNU_SOURCE=1 CMakeFiles/cmTC_432bd.dir/CheckSymbolExists.c.o -o cmTC_432bd  -lm 
gmake[1]: Leaving directory '/home/feng/Projects/myapp/build/CMakeFiles/CMakeScratch/TryCompile-NEzyQU'


File CheckSymbolExists.c:
/* */
#include <float.h>
#include <iconv.h>
#include <inttypes.h>
#include <limits.h>
#include <malloc.h>
#include <math.h>
#include <memory.h>
#include <signal.h>
#include <stdarg.h>
#include <stdbool.h>
#include <stddef.h>
#include <stdint.h>
#include <stdio.h>
#include <stdlib.h>
#include <string.h>
#include <strings.h>
#include <sys/types.h>
#include <time.h>
#include <wchar.h>

int main(int argc, char** argv)
{
  (void)argv;
#ifndef sqrt
  return ((int*)(&sqrt))[argc];
#else
  (void)argc;
  return 0;
#endif
}
Determining if the sqrtf exist passed with the following output:
Change Dir: /home/feng/Projects/myapp/build/CMakeFiles/CMakeScratch/TryCompile-RtKiER

Run Build Command(s):/usr/bin/gmake -f Makefile cmTC_19942/fast && /usr/bin/gmake  -f CMakeFiles/cmTC_19942.dir/build.make CMakeFiles/cmTC_19942.dir/build
gmake[1]: Entering directory '/home/feng/Projects/myapp/build/CMakeFiles/CMakeScratch/TryCompile-RtKiER'
Building C object CMakeFiles/cmTC_19942.dir/CheckSymbolExists.c.o
/usr/bin/cc   -D_GNU_SOURCE=1 -o CMakeFiles/cmTC_19942.dir/CheckSymbolExists.c.o -c /home/feng/Projects/myapp/build/CMakeFiles/CMakeScratch/TryCompile-RtKiER/CheckSymbolExists.c
Linking C executable cmTC_19942
/usr/bin/cmake -E cmake_link_script CMakeFiles/cmTC_19942.dir/link.txt --verbose=1
/usr/bin/cc   -D_GNU_SOURCE=1 CMakeFiles/cmTC_19942.dir/CheckSymbolExists.c.o -o cmTC_19942  -lm 
gmake[1]: Leaving directory '/home/feng/Projects/myapp/build/CMakeFiles/CMakeScratch/TryCompile-RtKiER'


File CheckSymbolExists.c:
/* */
#include <float.h>
#include <iconv.h>
#include <inttypes.h>
#include <limits.h>
#include <malloc.h>
#include <math.h>
#include <memory.h>
#include <signal.h>
#include <stdarg.h>
#include <stdbool.h>
#include <stddef.h>
#include <stdint.h>
#include <stdio.h>
#include <stdlib.h>
#include <string.h>
#include <strings.h>
#include <sys/types.h>
#include <time.h>
#include <wchar.h>

int main(int argc, char** argv)
{
  (void)argv;
#ifndef sqrtf
  return ((int*)(&sqrtf))[argc];
#else
  (void)argc;
  return 0;
#endif
}
Determining if the sscanf exist passed with the following output:
Change Dir: /home/feng/Projects/myapp/build/CMakeFiles/CMakeScratch/TryCompile-gSFB3H

Run Build Command(s):/usr/bin/gmake -f Makefile cmTC_c0839/fast && /usr/bin/gmake  -f CMakeFiles/cmTC_c0839.dir/build.make CMakeFiles/cmTC_c0839.dir/build
gmake[1]: Entering directory '/home/feng/Projects/myapp/build/CMakeFiles/CMakeScratch/TryCompile-gSFB3H'
Building C object CMakeFiles/cmTC_c0839.dir/CheckSymbolExists.c.o
/usr/bin/cc   -D_GNU_SOURCE=1 -o CMakeFiles/cmTC_c0839.dir/CheckSymbolExists.c.o -c /home/feng/Projects/myapp/build/CMakeFiles/CMakeScratch/TryCompile-gSFB3H/CheckSymbolExists.c
Linking C executable cmTC_c0839
/usr/bin/cmake -E cmake_link_script CMakeFiles/cmTC_c0839.dir/link.txt --verbose=1
/usr/bin/cc   -D_GNU_SOURCE=1 CMakeFiles/cmTC_c0839.dir/CheckSymbolExists.c.o -o cmTC_c0839  -lm 
gmake[1]: Leaving directory '/home/feng/Projects/myapp/build/CMakeFiles/CMakeScratch/TryCompile-gSFB3H'


File CheckSymbolExists.c:
/* */
#include <float.h>
#include <iconv.h>
#include <inttypes.h>
#include <limits.h>
#include <malloc.h>
#include <math.h>
#include <memory.h>
#include <signal.h>
#include <stdarg.h>
#include <stdbool.h>
#include <stddef.h>
#include <stdint.h>
#include <stdio.h>
#include <stdlib.h>
#include <string.h>
#include <strings.h>
#include <sys/types.h>
#include <time.h>
#include <wchar.h>

int main(int argc, char** argv)
{
  (void)argv;
#ifndef sscanf
  return ((int*)(&sscanf))[argc];
#else
  (void)argc;
  return 0;
#endif
}
Determining if the strchr exist passed with the following output:
Change Dir: /home/feng/Projects/myapp/build/CMakeFiles/CMakeScratch/TryCompile-KVjXLD

Run Build Command(s):/usr/bin/gmake -f Makefile cmTC_36fba/fast && /usr/bin/gmake  -f CMakeFiles/cmTC_36fba.dir/build.make CMakeFiles/cmTC_36fba.dir/build
gmake[1]: Entering directory '/home/feng/Projects/myapp/build/CMakeFiles/CMakeScratch/TryCompile-KVjXLD'
Building C object CMakeFiles/cmTC_36fba.dir/CheckSymbolExists.c.o
/usr/bin/cc   -D_GNU_SOURCE=1 -o CMakeFiles/cmTC_36fba.dir/CheckSymbolExists.c.o -c /home/feng/Projects/myapp/build/CMakeFiles/CMakeScratch/TryCompile-KVjXLD/CheckSymbolExists.c
Linking C executable cmTC_36fba
/usr/bin/cmake -E cmake_link_script CMakeFiles/cmTC_36fba.dir/link.txt --verbose=1
/usr/bin/cc   -D_GNU_SOURCE=1 CMakeFiles/cmTC_36fba.dir/CheckSymbolExists.c.o -o cmTC_36fba  -lm 
gmake[1]: Leaving directory '/home/feng/Projects/myapp/build/CMakeFiles/CMakeScratch/TryCompile-KVjXLD'


File CheckSymbolExists.c:
/* */
#include <float.h>
#include <iconv.h>
#include <inttypes.h>
#include <limits.h>
#include <malloc.h>
#include <math.h>
#include <memory.h>
#include <signal.h>
#include <stdarg.h>
#include <stdbool.h>
#include <stddef.h>
#include <stdint.h>
#include <stdio.h>
#include <stdlib.h>
#include <string.h>
#include <strings.h>
#include <sys/types.h>
#include <time.h>
#include <wchar.h>

int main(int argc, char** argv)
{
  (void)argv;
#ifndef strchr
  return ((int*)(&strchr))[argc];
#else
  (void)argc;
  return 0;
#endif
}
Determining if the strcmp exist passed with the following output:
Change Dir: /home/feng/Projects/myapp/build/CMakeFiles/CMakeScratch/TryCompile-QLlXt6

Run Build Command(s):/usr/bin/gmake -f Makefile cmTC_013a1/fast && /usr/bin/gmake  -f CMakeFiles/cmTC_013a1.dir/build.make CMakeFiles/cmTC_013a1.dir/build
gmake[1]: Entering directory '/home/feng/Projects/myapp/build/CMakeFiles/CMakeScratch/TryCompile-QLlXt6'
Building C object CMakeFiles/cmTC_013a1.dir/CheckSymbolExists.c.o
/usr/bin/cc   -D_GNU_SOURCE=1 -o CMakeFiles/cmTC_013a1.dir/CheckSymbolExists.c.o -c /home/feng/Projects/myapp/build/CMakeFiles/CMakeScratch/TryCompile-QLlXt6/CheckSymbolExists.c
Linking C executable cmTC_013a1
/usr/bin/cmake -E cmake_link_script CMakeFiles/cmTC_013a1.dir/link.txt --verbose=1
/usr/bin/cc   -D_GNU_SOURCE=1 CMakeFiles/cmTC_013a1.dir/CheckSymbolExists.c.o -o cmTC_013a1  -lm 
gmake[1]: Leaving directory '/home/feng/Projects/myapp/build/CMakeFiles/CMakeScratch/TryCompile-QLlXt6'


File CheckSymbolExists.c:
/* */
#include <float.h>
#include <iconv.h>
#include <inttypes.h>
#include <limits.h>
#include <malloc.h>
#include <math.h>
#include <memory.h>
#include <signal.h>
#include <stdarg.h>
#include <stdbool.h>
#include <stddef.h>
#include <stdint.h>
#include <stdio.h>
#include <stdlib.h>
#include <string.h>
#include <strings.h>
#include <sys/types.h>
#include <time.h>
#include <wchar.h>

int main(int argc, char** argv)
{
  (void)argv;
#ifndef strcmp
  return ((int*)(&strcmp))[argc];
#else
  (void)argc;
  return 0;
#endif
}
Determining if the strlen exist passed with the following output:
Change Dir: /home/feng/Projects/myapp/build/CMakeFiles/CMakeScratch/TryCompile-vE9NMv

Run Build Command(s):/usr/bin/gmake -f Makefile cmTC_0c35e/fast && /usr/bin/gmake  -f CMakeFiles/cmTC_0c35e.dir/build.make CMakeFiles/cmTC_0c35e.dir/build
gmake[1]: Entering directory '/home/feng/Projects/myapp/build/CMakeFiles/CMakeScratch/TryCompile-vE9NMv'
Building C object CMakeFiles/cmTC_0c35e.dir/CheckSymbolExists.c.o
/usr/bin/cc   -D_GNU_SOURCE=1 -o CMakeFiles/cmTC_0c35e.dir/CheckSymbolExists.c.o -c /home/feng/Projects/myapp/build/CMakeFiles/CMakeScratch/TryCompile-vE9NMv/CheckSymbolExists.c
Linking C executable cmTC_0c35e
/usr/bin/cmake -E cmake_link_script CMakeFiles/cmTC_0c35e.dir/link.txt --verbose=1
/usr/bin/cc   -D_GNU_SOURCE=1 CMakeFiles/cmTC_0c35e.dir/CheckSymbolExists.c.o -o cmTC_0c35e  -lm 
gmake[1]: Leaving directory '/home/feng/Projects/myapp/build/CMakeFiles/CMakeScratch/TryCompile-vE9NMv'


File CheckSymbolExists.c:
/* */
#include <float.h>
#include <iconv.h>
#include <inttypes.h>
#include <limits.h>
#include <malloc.h>
#include <math.h>
#include <memory.h>
#include <signal.h>
#include <stdarg.h>
#include <stdbool.h>
#include <stddef.h>
#include <stdint.h>
#include <stdio.h>
#include <stdlib.h>
#include <string.h>
#include <strings.h>
#include <sys/types.h>
#include <time.h>
#include <wchar.h>

int main(int argc, char** argv)
{
  (void)argv;
#ifndef strlen
  return ((int*)(&strlen))[argc];
#else
  (void)argc;
  return 0;
#endif
}
Determining if the strncmp exist passed with the following output:
Change Dir: /home/feng/Projects/myapp/build/CMakeFiles/CMakeScratch/TryCompile-htmPba

Run Build Command(s):/usr/bin/gmake -f Makefile cmTC_23142/fast && /usr/bin/gmake  -f CMakeFiles/cmTC_23142.dir/build.make CMakeFiles/cmTC_23142.dir/build
gmake[1]: Entering directory '/home/feng/Projects/myapp/build/CMakeFiles/CMakeScratch/TryCompile-htmPba'
Building C object CMakeFiles/cmTC_23142.dir/CheckSymbolExists.c.o
/usr/bin/cc   -D_GNU_SOURCE=1 -o CMakeFiles/cmTC_23142.dir/CheckSymbolExists.c.o -c /home/feng/Projects/myapp/build/CMakeFiles/CMakeScratch/TryCompile-htmPba/CheckSymbolExists.c
Linking C executable cmTC_23142
/usr/bin/cmake -E cmake_link_script CMakeFiles/cmTC_23142.dir/link.txt --verbose=1
/usr/bin/cc   -D_GNU_SOURCE=1 CMakeFiles/cmTC_23142.dir/CheckSymbolExists.c.o -o cmTC_23142  -lm 
gmake[1]: Leaving directory '/home/feng/Projects/myapp/build/CMakeFiles/CMakeScratch/TryCompile-htmPba'


File CheckSymbolExists.c:
/* */
#include <float.h>
#include <iconv.h>
#include <inttypes.h>
#include <limits.h>
#include <malloc.h>
#include <math.h>
#include <memory.h>
#include <signal.h>
#include <stdarg.h>
#include <stdbool.h>
#include <stddef.h>
#include <stdint.h>
#include <stdio.h>
#include <stdlib.h>
#include <string.h>
#include <strings.h>
#include <sys/types.h>
#include <time.h>
#include <wchar.h>

int main(int argc, char** argv)
{
  (void)argv;
#ifndef strncmp
  return ((int*)(&strncmp))[argc];
#else
  (void)argc;
  return 0;
#endif
}
Determining if the strnlen exist passed with the following output:
Change Dir: /home/feng/Projects/myapp/build/CMakeFiles/CMakeScratch/TryCompile-IlnwPB

Run Build Command(s):/usr/bin/gmake -f Makefile cmTC_1657d/fast && /usr/bin/gmake  -f CMakeFiles/cmTC_1657d.dir/build.make CMakeFiles/cmTC_1657d.dir/build
gmake[1]: Entering directory '/home/feng/Projects/myapp/build/CMakeFiles/CMakeScratch/TryCompile-IlnwPB'
Building C object CMakeFiles/cmTC_1657d.dir/CheckSymbolExists.c.o
/usr/bin/cc   -D_GNU_SOURCE=1 -o CMakeFiles/cmTC_1657d.dir/CheckSymbolExists.c.o -c /home/feng/Projects/myapp/build/CMakeFiles/CMakeScratch/TryCompile-IlnwPB/CheckSymbolExists.c
Linking C executable cmTC_1657d
/usr/bin/cmake -E cmake_link_script CMakeFiles/cmTC_1657d.dir/link.txt --verbose=1
/usr/bin/cc   -D_GNU_SOURCE=1 CMakeFiles/cmTC_1657d.dir/CheckSymbolExists.c.o -o cmTC_1657d  -lm 
gmake[1]: Leaving directory '/home/feng/Projects/myapp/build/CMakeFiles/CMakeScratch/TryCompile-IlnwPB'


File CheckSymbolExists.c:
/* */
#include <float.h>
#include <iconv.h>
#include <inttypes.h>
#include <limits.h>
#include <malloc.h>
#include <math.h>
#include <memory.h>
#include <signal.h>
#include <stdarg.h>
#include <stdbool.h>
#include <stddef.h>
#include <stdint.h>
#include <stdio.h>
#include <stdlib.h>
#include <string.h>
#include <strings.h>
#include <sys/types.h>
#include <time.h>
#include <wchar.h>

int main(int argc, char** argv)
{
  (void)argv;
#ifndef strnlen
  return ((int*)(&strnlen))[argc];
#else
  (void)argc;
  return 0;
#endif
}
Determining if the strpbrk exist passed with the following output:
Change Dir: /home/feng/Projects/myapp/build/CMakeFiles/CMakeScratch/TryCompile-4fn1T6

Run Build Command(s):/usr/bin/gmake -f Makefile cmTC_69ac1/fast && /usr/bin/gmake  -f CMakeFiles/cmTC_69ac1.dir/build.make CMakeFiles/cmTC_69ac1.dir/build
gmake[1]: Entering directory '/home/feng/Projects/myapp/build/CMakeFiles/CMakeScratch/TryCompile-4fn1T6'
Building C object CMakeFiles/cmTC_69ac1.dir/CheckSymbolExists.c.o
/usr/bin/cc   -D_GNU_SOURCE=1 -o CMakeFiles/cmTC_69ac1.dir/CheckSymbolExists.c.o -c /home/feng/Projects/myapp/build/CMakeFiles/CMakeScratch/TryCompile-4fn1T6/CheckSymbolExists.c
Linking C executable cmTC_69ac1
/usr/bin/cmake -E cmake_link_script CMakeFiles/cmTC_69ac1.dir/link.txt --verbose=1
/usr/bin/cc   -D_GNU_SOURCE=1 CMakeFiles/cmTC_69ac1.dir/CheckSymbolExists.c.o -o cmTC_69ac1  -lm 
gmake[1]: Leaving directory '/home/feng/Projects/myapp/build/CMakeFiles/CMakeScratch/TryCompile-4fn1T6'


File CheckSymbolExists.c:
/* */
#include <float.h>
#include <iconv.h>
#include <inttypes.h>
#include <limits.h>
#include <malloc.h>
#include <math.h>
#include <memory.h>
#include <signal.h>
#include <stdarg.h>
#include <stdbool.h>
#include <stddef.h>
#include <stdint.h>
#include <stdio.h>
#include <stdlib.h>
#include <string.h>
#include <strings.h>
#include <sys/types.h>
#include <time.h>
#include <wchar.h>

int main(int argc, char** argv)
{
  (void)argv;
#ifndef strpbrk
  return ((int*)(&strpbrk))[argc];
#else
  (void)argc;
  return 0;
#endif
}
Determining if the strrchr exist passed with the following output:
Change Dir: /home/feng/Projects/myapp/build/CMakeFiles/CMakeScratch/TryCompile-5Tamej

Run Build Command(s):/usr/bin/gmake -f Makefile cmTC_5cd41/fast && /usr/bin/gmake  -f CMakeFiles/cmTC_5cd41.dir/build.make CMakeFiles/cmTC_5cd41.dir/build
gmake[1]: Entering directory '/home/feng/Projects/myapp/build/CMakeFiles/CMakeScratch/TryCompile-5Tamej'
Building C object CMakeFiles/cmTC_5cd41.dir/CheckSymbolExists.c.o
/usr/bin/cc   -D_GNU_SOURCE=1 -o CMakeFiles/cmTC_5cd41.dir/CheckSymbolExists.c.o -c /home/feng/Projects/myapp/build/CMakeFiles/CMakeScratch/TryCompile-5Tamej/CheckSymbolExists.c
Linking C executable cmTC_5cd41
/usr/bin/cmake -E cmake_link_script CMakeFiles/cmTC_5cd41.dir/link.txt --verbose=1
/usr/bin/cc   -D_GNU_SOURCE=1 CMakeFiles/cmTC_5cd41.dir/CheckSymbolExists.c.o -o cmTC_5cd41  -lm 
gmake[1]: Leaving directory '/home/feng/Projects/myapp/build/CMakeFiles/CMakeScratch/TryCompile-5Tamej'


File CheckSymbolExists.c:
/* */
#include <float.h>
#include <iconv.h>
#include <inttypes.h>
#include <limits.h>
#include <malloc.h>
#include <math.h>
#include <memory.h>
#include <signal.h>
#include <stdarg.h>
#include <stdbool.h>
#include <stddef.h>
#include <stdint.h>
#include <stdio.h>
#include <stdlib.h>
#include <string.h>
#include <strings.h>
#include <sys/types.h>
#include <time.h>
#include <wchar.h>

int main(int argc, char** argv)
{
  (void)argv;
#ifndef strrchr
  return ((int*)(&strrchr))[argc];
#else
  (void)argc;
  return 0;
#endif
}
Determining if the strstr exist passed with the following output:
Change Dir: /home/feng/Projects/myapp/build/CMakeFiles/CMakeScratch/TryCompile-nZ87p1

Run Build Command(s):/usr/bin/gmake -f Makefile cmTC_6ff59/fast && /usr/bin/gmake  -f CMakeFiles/cmTC_6ff59.dir/build.make CMakeFiles/cmTC_6ff59.dir/build
gmake[1]: Entering directory '/home/feng/Projects/myapp/build/CMakeFiles/CMakeScratch/TryCompile-nZ87p1'
Building C object CMakeFiles/cmTC_6ff59.dir/CheckSymbolExists.c.o
/usr/bin/cc   -D_GNU_SOURCE=1 -o CMakeFiles/cmTC_6ff59.dir/CheckSymbolExists.c.o -c /home/feng/Projects/myapp/build/CMakeFiles/CMakeScratch/TryCompile-nZ87p1/CheckSymbolExists.c
Linking C executable cmTC_6ff59
/usr/bin/cmake -E cmake_link_script CMakeFiles/cmTC_6ff59.dir/link.txt --verbose=1
/usr/bin/cc   -D_GNU_SOURCE=1 CMakeFiles/cmTC_6ff59.dir/CheckSymbolExists.c.o -o cmTC_6ff59  -lm 
gmake[1]: Leaving directory '/home/feng/Projects/myapp/build/CMakeFiles/CMakeScratch/TryCompile-nZ87p1'


File CheckSymbolExists.c:
/* */
#include <float.h>
#include <iconv.h>
#include <inttypes.h>
#include <limits.h>
#include <malloc.h>
#include <math.h>
#include <memory.h>
#include <signal.h>
#include <stdarg.h>
#include <stdbool.h>
#include <stddef.h>
#include <stdint.h>
#include <stdio.h>
#include <stdlib.h>
#include <string.h>
#include <strings.h>
#include <sys/types.h>
#include <time.h>
#include <wchar.h>

int main(int argc, char** argv)
{
  (void)argv;
#ifndef strstr
  return ((int*)(&strstr))[argc];
#else
  (void)argc;
  return 0;
#endif
}
Determining if the strtod exist passed with the following output:
Change Dir: /home/feng/Projects/myapp/build/CMakeFiles/CMakeScratch/TryCompile-oaWoQe

Run Build Command(s):/usr/bin/gmake -f Makefile cmTC_1b24f/fast && /usr/bin/gmake  -f CMakeFiles/cmTC_1b24f.dir/build.make CMakeFiles/cmTC_1b24f.dir/build
gmake[1]: Entering directory '/home/feng/Projects/myapp/build/CMakeFiles/CMakeScratch/TryCompile-oaWoQe'
Building C object CMakeFiles/cmTC_1b24f.dir/CheckSymbolExists.c.o
/usr/bin/cc   -D_GNU_SOURCE=1 -o CMakeFiles/cmTC_1b24f.dir/CheckSymbolExists.c.o -c /home/feng/Projects/myapp/build/CMakeFiles/CMakeScratch/TryCompile-oaWoQe/CheckSymbolExists.c
Linking C executable cmTC_1b24f
/usr/bin/cmake -E cmake_link_script CMakeFiles/cmTC_1b24f.dir/link.txt --verbose=1
/usr/bin/cc   -D_GNU_SOURCE=1 CMakeFiles/cmTC_1b24f.dir/CheckSymbolExists.c.o -o cmTC_1b24f  -lm 
gmake[1]: Leaving directory '/home/feng/Projects/myapp/build/CMakeFiles/CMakeScratch/TryCompile-oaWoQe'


File CheckSymbolExists.c:
/* */
#include <float.h>
#include <iconv.h>
#include <inttypes.h>
#include <limits.h>
#include <malloc.h>
#include <math.h>
#include <memory.h>
#include <signal.h>
#include <stdarg.h>
#include <stdbool.h>
#include <stddef.h>
#include <stdint.h>
#include <stdio.h>
#include <stdlib.h>
#include <string.h>
#include <strings.h>
#include <sys/types.h>
#include <time.h>
#include <wchar.h>

int main(int argc, char** argv)
{
  (void)argv;
#ifndef strtod
  return ((int*)(&strtod))[argc];
#else
  (void)argc;
  return 0;
#endif
}
Determining if the strtok_r exist passed with the following output:
Change Dir: /home/feng/Projects/myapp/build/CMakeFiles/CMakeScratch/TryCompile-jdArlk

Run Build Command(s):/usr/bin/gmake -f Makefile cmTC_aa143/fast && /usr/bin/gmake  -f CMakeFiles/cmTC_aa143.dir/build.make CMakeFiles/cmTC_aa143.dir/build
gmake[1]: Entering directory '/home/feng/Projects/myapp/build/CMakeFiles/CMakeScratch/TryCompile-jdArlk'
Building C object CMakeFiles/cmTC_aa143.dir/CheckSymbolExists.c.o
/usr/bin/cc   -D_GNU_SOURCE=1 -o CMakeFiles/cmTC_aa143.dir/CheckSymbolExists.c.o -c /home/feng/Projects/myapp/build/CMakeFiles/CMakeScratch/TryCompile-jdArlk/CheckSymbolExists.c
Linking C executable cmTC_aa143
/usr/bin/cmake -E cmake_link_script CMakeFiles/cmTC_aa143.dir/link.txt --verbose=1
/usr/bin/cc   -D_GNU_SOURCE=1 CMakeFiles/cmTC_aa143.dir/CheckSymbolExists.c.o -o cmTC_aa143  -lm 
gmake[1]: Leaving directory '/home/feng/Projects/myapp/build/CMakeFiles/CMakeScratch/TryCompile-jdArlk'


File CheckSymbolExists.c:
/* */
#include <float.h>
#include <iconv.h>
#include <inttypes.h>
#include <limits.h>
#include <malloc.h>
#include <math.h>
#include <memory.h>
#include <signal.h>
#include <stdarg.h>
#include <stdbool.h>
#include <stddef.h>
#include <stdint.h>
#include <stdio.h>
#include <stdlib.h>
#include <string.h>
#include <strings.h>
#include <sys/types.h>
#include <time.h>
#include <wchar.h>

int main(int argc, char** argv)
{
  (void)argv;
#ifndef strtok_r
  return ((int*)(&strtok_r))[argc];
#else
  (void)argc;
  return 0;
#endif
}
Determining if the strtol exist passed with the following output:
Change Dir: /home/feng/Projects/myapp/build/CMakeFiles/CMakeScratch/TryCompile-N1kbPz

Run Build Command(s):/usr/bin/gmake -f Makefile cmTC_45ee9/fast && /usr/bin/gmake  -f CMakeFiles/cmTC_45ee9.dir/build.make CMakeFiles/cmTC_45ee9.dir/build
gmake[1]: Entering directory '/home/feng/Projects/myapp/build/CMakeFiles/CMakeScratch/TryCompile-N1kbPz'
Building C object CMakeFiles/cmTC_45ee9.dir/CheckSymbolExists.c.o
/usr/bin/cc   -D_GNU_SOURCE=1 -o CMakeFiles/cmTC_45ee9.dir/CheckSymbolExists.c.o -c /home/feng/Projects/myapp/build/CMakeFiles/CMakeScratch/TryCompile-N1kbPz/CheckSymbolExists.c
Linking C executable cmTC_45ee9
/usr/bin/cmake -E cmake_link_script CMakeFiles/cmTC_45ee9.dir/link.txt --verbose=1
/usr/bin/cc   -D_GNU_SOURCE=1 CMakeFiles/cmTC_45ee9.dir/CheckSymbolExists.c.o -o cmTC_45ee9  -lm 
gmake[1]: Leaving directory '/home/feng/Projects/myapp/build/CMakeFiles/CMakeScratch/TryCompile-N1kbPz'


File CheckSymbolExists.c:
/* */
#include <float.h>
#include <iconv.h>
#include <inttypes.h>
#include <limits.h>
#include <malloc.h>
#include <math.h>
#include <memory.h>
#include <signal.h>
#include <stdarg.h>
#include <stdbool.h>
#include <stddef.h>
#include <stdint.h>
#include <stdio.h>
#include <stdlib.h>
#include <string.h>
#include <strings.h>
#include <sys/types.h>
#include <time.h>
#include <wchar.h>

int main(int argc, char** argv)
{
  (void)argv;
#ifndef strtol
  return ((int*)(&strtol))[argc];
#else
  (void)argc;
  return 0;
#endif
}
Determining if the strtoll exist passed with the following output:
Change Dir: /home/feng/Projects/myapp/build/CMakeFiles/CMakeScratch/TryCompile-duiNxw

Run Build Command(s):/usr/bin/gmake -f Makefile cmTC_209de/fast && /usr/bin/gmake  -f CMakeFiles/cmTC_209de.dir/build.make CMakeFiles/cmTC_209de.dir/build
gmake[1]: Entering directory '/home/feng/Projects/myapp/build/CMakeFiles/CMakeScratch/TryCompile-duiNxw'
Building C object CMakeFiles/cmTC_209de.dir/CheckSymbolExists.c.o
/usr/bin/cc   -D_GNU_SOURCE=1 -o CMakeFiles/cmTC_209de.dir/CheckSymbolExists.c.o -c /home/feng/Projects/myapp/build/CMakeFiles/CMakeScratch/TryCompile-duiNxw/CheckSymbolExists.c
Linking C executable cmTC_209de
/usr/bin/cmake -E cmake_link_script CMakeFiles/cmTC_209de.dir/link.txt --verbose=1
/usr/bin/cc   -D_GNU_SOURCE=1 CMakeFiles/cmTC_209de.dir/CheckSymbolExists.c.o -o cmTC_209de  -lm 
gmake[1]: Leaving directory '/home/feng/Projects/myapp/build/CMakeFiles/CMakeScratch/TryCompile-duiNxw'


File CheckSymbolExists.c:
/* */
#include <float.h>
#include <iconv.h>
#include <inttypes.h>
#include <limits.h>
#include <malloc.h>
#include <math.h>
#include <memory.h>
#include <signal.h>
#include <stdarg.h>
#include <stdbool.h>
#include <stddef.h>
#include <stdint.h>
#include <stdio.h>
#include <stdlib.h>
#include <string.h>
#include <strings.h>
#include <sys/types.h>
#include <time.h>
#include <wchar.h>

int main(int argc, char** argv)
{
  (void)argv;
#ifndef strtoll
  return ((int*)(&strtoll))[argc];
#else
  (void)argc;
  return 0;
#endif
}
Determining if the strtoul exist passed with the following output:
Change Dir: /home/feng/Projects/myapp/build/CMakeFiles/CMakeScratch/TryCompile-DGvNZO

Run Build Command(s):/usr/bin/gmake -f Makefile cmTC_36192/fast && /usr/bin/gmake  -f CMakeFiles/cmTC_36192.dir/build.make CMakeFiles/cmTC_36192.dir/build
gmake[1]: Entering directory '/home/feng/Projects/myapp/build/CMakeFiles/CMakeScratch/TryCompile-DGvNZO'
Building C object CMakeFiles/cmTC_36192.dir/CheckSymbolExists.c.o
/usr/bin/cc   -D_GNU_SOURCE=1 -o CMakeFiles/cmTC_36192.dir/CheckSymbolExists.c.o -c /home/feng/Projects/myapp/build/CMakeFiles/CMakeScratch/TryCompile-DGvNZO/CheckSymbolExists.c
Linking C executable cmTC_36192
/usr/bin/cmake -E cmake_link_script CMakeFiles/cmTC_36192.dir/link.txt --verbose=1
/usr/bin/cc   -D_GNU_SOURCE=1 CMakeFiles/cmTC_36192.dir/CheckSymbolExists.c.o -o cmTC_36192  -lm 
gmake[1]: Leaving directory '/home/feng/Projects/myapp/build/CMakeFiles/CMakeScratch/TryCompile-DGvNZO'


File CheckSymbolExists.c:
/* */
#include <float.h>
#include <iconv.h>
#include <inttypes.h>
#include <limits.h>
#include <malloc.h>
#include <math.h>
#include <memory.h>
#include <signal.h>
#include <stdarg.h>
#include <stdbool.h>
#include <stddef.h>
#include <stdint.h>
#include <stdio.h>
#include <stdlib.h>
#include <string.h>
#include <strings.h>
#include <sys/types.h>
#include <time.h>
#include <wchar.h>

int main(int argc, char** argv)
{
  (void)argv;
#ifndef strtoul
  return ((int*)(&strtoul))[argc];
#else
  (void)argc;
  return 0;
#endif
}
Determining if the strtoull exist passed with the following output:
Change Dir: /home/feng/Projects/myapp/build/CMakeFiles/CMakeScratch/TryCompile-dQLqUh

Run Build Command(s):/usr/bin/gmake -f Makefile cmTC_ded96/fast && /usr/bin/gmake  -f CMakeFiles/cmTC_ded96.dir/build.make CMakeFiles/cmTC_ded96.dir/build
gmake[1]: Entering directory '/home/feng/Projects/myapp/build/CMakeFiles/CMakeScratch/TryCompile-dQLqUh'
Building C object CMakeFiles/cmTC_ded96.dir/CheckSymbolExists.c.o
/usr/bin/cc   -D_GNU_SOURCE=1 -o CMakeFiles/cmTC_ded96.dir/CheckSymbolExists.c.o -c /home/feng/Projects/myapp/build/CMakeFiles/CMakeScratch/TryCompile-dQLqUh/CheckSymbolExists.c
Linking C executable cmTC_ded96
/usr/bin/cmake -E cmake_link_script CMakeFiles/cmTC_ded96.dir/link.txt --verbose=1
/usr/bin/cc   -D_GNU_SOURCE=1 CMakeFiles/cmTC_ded96.dir/CheckSymbolExists.c.o -o cmTC_ded96  -lm 
gmake[1]: Leaving directory '/home/feng/Projects/myapp/build/CMakeFiles/CMakeScratch/TryCompile-dQLqUh'


File CheckSymbolExists.c:
/* */
#include <float.h>
#include <iconv.h>
#include <inttypes.h>
#include <limits.h>
#include <malloc.h>
#include <math.h>
#include <memory.h>
#include <signal.h>
#include <stdarg.h>
#include <stdbool.h>
#include <stddef.h>
#include <stdint.h>
#include <stdio.h>
#include <stdlib.h>
#include <string.h>
#include <strings.h>
#include <sys/types.h>
#include <time.h>
#include <wchar.h>

int main(int argc, char** argv)
{
  (void)argv;
#ifndef strtoull
  return ((int*)(&strtoull))[argc];
#else
  (void)argc;
  return 0;
#endif
}
Determining if the tan exist passed with the following output:
Change Dir: /home/feng/Projects/myapp/build/CMakeFiles/CMakeScratch/TryCompile-xNuXN2

Run Build Command(s):/usr/bin/gmake -f Makefile cmTC_604e3/fast && /usr/bin/gmake  -f CMakeFiles/cmTC_604e3.dir/build.make CMakeFiles/cmTC_604e3.dir/build
gmake[1]: Entering directory '/home/feng/Projects/myapp/build/CMakeFiles/CMakeScratch/TryCompile-xNuXN2'
Building C object CMakeFiles/cmTC_604e3.dir/CheckSymbolExists.c.o
/usr/bin/cc   -D_GNU_SOURCE=1 -o CMakeFiles/cmTC_604e3.dir/CheckSymbolExists.c.o -c /home/feng/Projects/myapp/build/CMakeFiles/CMakeScratch/TryCompile-xNuXN2/CheckSymbolExists.c
Linking C executable cmTC_604e3
/usr/bin/cmake -E cmake_link_script CMakeFiles/cmTC_604e3.dir/link.txt --verbose=1
/usr/bin/cc   -D_GNU_SOURCE=1 CMakeFiles/cmTC_604e3.dir/CheckSymbolExists.c.o -o cmTC_604e3  -lm 
gmake[1]: Leaving directory '/home/feng/Projects/myapp/build/CMakeFiles/CMakeScratch/TryCompile-xNuXN2'


File CheckSymbolExists.c:
/* */
#include <float.h>
#include <iconv.h>
#include <inttypes.h>
#include <limits.h>
#include <malloc.h>
#include <math.h>
#include <memory.h>
#include <signal.h>
#include <stdarg.h>
#include <stdbool.h>
#include <stddef.h>
#include <stdint.h>
#include <stdio.h>
#include <stdlib.h>
#include <string.h>
#include <strings.h>
#include <sys/types.h>
#include <time.h>
#include <wchar.h>

int main(int argc, char** argv)
{
  (void)argv;
#ifndef tan
  return ((int*)(&tan))[argc];
#else
  (void)argc;
  return 0;
#endif
}
Determining if the tanf exist passed with the following output:
Change Dir: /home/feng/Projects/myapp/build/CMakeFiles/CMakeScratch/TryCompile-rnvl6e

Run Build Command(s):/usr/bin/gmake -f Makefile cmTC_f786e/fast && /usr/bin/gmake  -f CMakeFiles/cmTC_f786e.dir/build.make CMakeFiles/cmTC_f786e.dir/build
gmake[1]: Entering directory '/home/feng/Projects/myapp/build/CMakeFiles/CMakeScratch/TryCompile-rnvl6e'
Building C object CMakeFiles/cmTC_f786e.dir/CheckSymbolExists.c.o
/usr/bin/cc   -D_GNU_SOURCE=1 -o CMakeFiles/cmTC_f786e.dir/CheckSymbolExists.c.o -c /home/feng/Projects/myapp/build/CMakeFiles/CMakeScratch/TryCompile-rnvl6e/CheckSymbolExists.c
Linking C executable cmTC_f786e
/usr/bin/cmake -E cmake_link_script CMakeFiles/cmTC_f786e.dir/link.txt --verbose=1
/usr/bin/cc   -D_GNU_SOURCE=1 CMakeFiles/cmTC_f786e.dir/CheckSymbolExists.c.o -o cmTC_f786e  -lm 
gmake[1]: Leaving directory '/home/feng/Projects/myapp/build/CMakeFiles/CMakeScratch/TryCompile-rnvl6e'


File CheckSymbolExists.c:
/* */
#include <float.h>
#include <iconv.h>
#include <inttypes.h>
#include <limits.h>
#include <malloc.h>
#include <math.h>
#include <memory.h>
#include <signal.h>
#include <stdarg.h>
#include <stdbool.h>
#include <stddef.h>
#include <stdint.h>
#include <stdio.h>
#include <stdlib.h>
#include <string.h>
#include <strings.h>
#include <sys/types.h>
#include <time.h>
#include <wchar.h>

int main(int argc, char** argv)
{
  (void)argv;
#ifndef tanf
  return ((int*)(&tanf))[argc];
#else
  (void)argc;
  return 0;
#endif
}
Determining if the trunc exist passed with the following output:
Change Dir: /home/feng/Projects/myapp/build/CMakeFiles/CMakeScratch/TryCompile-cY2JLB

Run Build Command(s):/usr/bin/gmake -f Makefile cmTC_18f8e/fast && /usr/bin/gmake  -f CMakeFiles/cmTC_18f8e.dir/build.make CMakeFiles/cmTC_18f8e.dir/build
gmake[1]: Entering directory '/home/feng/Projects/myapp/build/CMakeFiles/CMakeScratch/TryCompile-cY2JLB'
Building C object CMakeFiles/cmTC_18f8e.dir/CheckSymbolExists.c.o
/usr/bin/cc   -D_GNU_SOURCE=1 -o CMakeFiles/cmTC_18f8e.dir/CheckSymbolExists.c.o -c /home/feng/Projects/myapp/build/CMakeFiles/CMakeScratch/TryCompile-cY2JLB/CheckSymbolExists.c
Linking C executable cmTC_18f8e
/usr/bin/cmake -E cmake_link_script CMakeFiles/cmTC_18f8e.dir/link.txt --verbose=1
/usr/bin/cc   -D_GNU_SOURCE=1 CMakeFiles/cmTC_18f8e.dir/CheckSymbolExists.c.o -o cmTC_18f8e  -lm 
gmake[1]: Leaving directory '/home/feng/Projects/myapp/build/CMakeFiles/CMakeScratch/TryCompile-cY2JLB'


File CheckSymbolExists.c:
/* */
#include <float.h>
#include <iconv.h>
#include <inttypes.h>
#include <limits.h>
#include <malloc.h>
#include <math.h>
#include <memory.h>
#include <signal.h>
#include <stdarg.h>
#include <stdbool.h>
#include <stddef.h>
#include <stdint.h>
#include <stdio.h>
#include <stdlib.h>
#include <string.h>
#include <strings.h>
#include <sys/types.h>
#include <time.h>
#include <wchar.h>

int main(int argc, char** argv)
{
  (void)argv;
#ifndef trunc
  return ((int*)(&trunc))[argc];
#else
  (void)argc;
  return 0;
#endif
}
Determining if the truncf exist passed with the following output:
Change Dir: /home/feng/Projects/myapp/build/CMakeFiles/CMakeScratch/TryCompile-jJ8buV

Run Build Command(s):/usr/bin/gmake -f Makefile cmTC_29826/fast && /usr/bin/gmake  -f CMakeFiles/cmTC_29826.dir/build.make CMakeFiles/cmTC_29826.dir/build
gmake[1]: Entering directory '/home/feng/Projects/myapp/build/CMakeFiles/CMakeScratch/TryCompile-jJ8buV'
Building C object CMakeFiles/cmTC_29826.dir/CheckSymbolExists.c.o
/usr/bin/cc   -D_GNU_SOURCE=1 -o CMakeFiles/cmTC_29826.dir/CheckSymbolExists.c.o -c /home/feng/Projects/myapp/build/CMakeFiles/CMakeScratch/TryCompile-jJ8buV/CheckSymbolExists.c
Linking C executable cmTC_29826
/usr/bin/cmake -E cmake_link_script CMakeFiles/cmTC_29826.dir/link.txt --verbose=1
/usr/bin/cc   -D_GNU_SOURCE=1 CMakeFiles/cmTC_29826.dir/CheckSymbolExists.c.o -o cmTC_29826  -lm 
gmake[1]: Leaving directory '/home/feng/Projects/myapp/build/CMakeFiles/CMakeScratch/TryCompile-jJ8buV'


File CheckSymbolExists.c:
/* */
#include <float.h>
#include <iconv.h>
#include <inttypes.h>
#include <limits.h>
#include <malloc.h>
#include <math.h>
#include <memory.h>
#include <signal.h>
#include <stdarg.h>
#include <stdbool.h>
#include <stddef.h>
#include <stdint.h>
#include <stdio.h>
#include <stdlib.h>
#include <string.h>
#include <strings.h>
#include <sys/types.h>
#include <time.h>
#include <wchar.h>

int main(int argc, char** argv)
{
  (void)argv;
#ifndef truncf
  return ((int*)(&truncf))[argc];
#else
  (void)argc;
  return 0;
#endif
}
Determining if the unsetenv exist passed with the following output:
Change Dir: /home/feng/Projects/myapp/build/CMakeFiles/CMakeScratch/TryCompile-gOomTr

Run Build Command(s):/usr/bin/gmake -f Makefile cmTC_a02db/fast && /usr/bin/gmake  -f CMakeFiles/cmTC_a02db.dir/build.make CMakeFiles/cmTC_a02db.dir/build
gmake[1]: Entering directory '/home/feng/Projects/myapp/build/CMakeFiles/CMakeScratch/TryCompile-gOomTr'
Building C object CMakeFiles/cmTC_a02db.dir/CheckSymbolExists.c.o
/usr/bin/cc   -D_GNU_SOURCE=1 -o CMakeFiles/cmTC_a02db.dir/CheckSymbolExists.c.o -c /home/feng/Projects/myapp/build/CMakeFiles/CMakeScratch/TryCompile-gOomTr/CheckSymbolExists.c
Linking C executable cmTC_a02db
/usr/bin/cmake -E cmake_link_script CMakeFiles/cmTC_a02db.dir/link.txt --verbose=1
/usr/bin/cc   -D_GNU_SOURCE=1 CMakeFiles/cmTC_a02db.dir/CheckSymbolExists.c.o -o cmTC_a02db  -lm 
gmake[1]: Leaving directory '/home/feng/Projects/myapp/build/CMakeFiles/CMakeScratch/TryCompile-gOomTr'


File CheckSymbolExists.c:
/* */
#include <float.h>
#include <iconv.h>
#include <inttypes.h>
#include <limits.h>
#include <malloc.h>
#include <math.h>
#include <memory.h>
#include <signal.h>
#include <stdarg.h>
#include <stdbool.h>
#include <stddef.h>
#include <stdint.h>
#include <stdio.h>
#include <stdlib.h>
#include <string.h>
#include <strings.h>
#include <sys/types.h>
#include <time.h>
#include <wchar.h>

int main(int argc, char** argv)
{
  (void)argv;
#ifndef unsetenv
  return ((int*)(&unsetenv))[argc];
#else
  (void)argc;
  return 0;
#endif
}
Determining if the vsnprintf exist passed with the following output:
Change Dir: /home/feng/Projects/myapp/build/CMakeFiles/CMakeScratch/TryCompile-248SuK

Run Build Command(s):/usr/bin/gmake -f Makefile cmTC_0e4b0/fast && /usr/bin/gmake  -f CMakeFiles/cmTC_0e4b0.dir/build.make CMakeFiles/cmTC_0e4b0.dir/build
gmake[1]: Entering directory '/home/feng/Projects/myapp/build/CMakeFiles/CMakeScratch/TryCompile-248SuK'
Building C object CMakeFiles/cmTC_0e4b0.dir/CheckSymbolExists.c.o
/usr/bin/cc   -D_GNU_SOURCE=1 -o CMakeFiles/cmTC_0e4b0.dir/CheckSymbolExists.c.o -c /home/feng/Projects/myapp/build/CMakeFiles/CMakeScratch/TryCompile-248SuK/CheckSymbolExists.c
Linking C executable cmTC_0e4b0
/usr/bin/cmake -E cmake_link_script CMakeFiles/cmTC_0e4b0.dir/link.txt --verbose=1
/usr/bin/cc   -D_GNU_SOURCE=1 CMakeFiles/cmTC_0e4b0.dir/CheckSymbolExists.c.o -o cmTC_0e4b0  -lm 
gmake[1]: Leaving directory '/home/feng/Projects/myapp/build/CMakeFiles/CMakeScratch/TryCompile-248SuK'


File CheckSymbolExists.c:
/* */
#include <float.h>
#include <iconv.h>
#include <inttypes.h>
#include <limits.h>
#include <malloc.h>
#include <math.h>
#include <memory.h>
#include <signal.h>
#include <stdarg.h>
#include <stdbool.h>
#include <stddef.h>
#include <stdint.h>
#include <stdio.h>
#include <stdlib.h>
#include <string.h>
#include <strings.h>
#include <sys/types.h>
#include <time.h>
#include <wchar.h>

int main(int argc, char** argv)
{
  (void)argv;
#ifndef vsnprintf
  return ((int*)(&vsnprintf))[argc];
#else
  (void)argc;
  return 0;
#endif
}
Determining if the vsscanf exist passed with the following output:
Change Dir: /home/feng/Projects/myapp/build/CMakeFiles/CMakeScratch/TryCompile-ue9NLL

Run Build Command(s):/usr/bin/gmake -f Makefile cmTC_0acb8/fast && /usr/bin/gmake  -f CMakeFiles/cmTC_0acb8.dir/build.make CMakeFiles/cmTC_0acb8.dir/build
gmake[1]: Entering directory '/home/feng/Projects/myapp/build/CMakeFiles/CMakeScratch/TryCompile-ue9NLL'
Building C object CMakeFiles/cmTC_0acb8.dir/CheckSymbolExists.c.o
/usr/bin/cc   -D_GNU_SOURCE=1 -o CMakeFiles/cmTC_0acb8.dir/CheckSymbolExists.c.o -c /home/feng/Projects/myapp/build/CMakeFiles/CMakeScratch/TryCompile-ue9NLL/CheckSymbolExists.c
Linking C executable cmTC_0acb8
/usr/bin/cmake -E cmake_link_script CMakeFiles/cmTC_0acb8.dir/link.txt --verbose=1
/usr/bin/cc   -D_GNU_SOURCE=1 CMakeFiles/cmTC_0acb8.dir/CheckSymbolExists.c.o -o cmTC_0acb8  -lm 
gmake[1]: Leaving directory '/home/feng/Projects/myapp/build/CMakeFiles/CMakeScratch/TryCompile-ue9NLL'


File CheckSymbolExists.c:
/* */
#include <float.h>
#include <iconv.h>
#include <inttypes.h>
#include <limits.h>
#include <malloc.h>
#include <math.h>
#include <memory.h>
#include <signal.h>
#include <stdarg.h>
#include <stdbool.h>
#include <stddef.h>
#include <stdint.h>
#include <stdio.h>
#include <stdlib.h>
#include <string.h>
#include <strings.h>
#include <sys/types.h>
#include <time.h>
#include <wchar.h>

int main(int argc, char** argv)
{
  (void)argv;
#ifndef vsscanf
  return ((int*)(&vsscanf))[argc];
#else
  (void)argc;
  return 0;
#endif
}
Determining if the wcsnlen exist passed with the following output:
Change Dir: /home/feng/Projects/myapp/build/CMakeFiles/CMakeScratch/TryCompile-n4tjEX

Run Build Command(s):/usr/bin/gmake -f Makefile cmTC_7597f/fast && /usr/bin/gmake  -f CMakeFiles/cmTC_7597f.dir/build.make CMakeFiles/cmTC_7597f.dir/build
gmake[1]: Entering directory '/home/feng/Projects/myapp/build/CMakeFiles/CMakeScratch/TryCompile-n4tjEX'
Building C object CMakeFiles/cmTC_7597f.dir/CheckSymbolExists.c.o
/usr/bin/cc   -D_GNU_SOURCE=1 -o CMakeFiles/cmTC_7597f.dir/CheckSymbolExists.c.o -c /home/feng/Projects/myapp/build/CMakeFiles/CMakeScratch/TryCompile-n4tjEX/CheckSymbolExists.c
Linking C executable cmTC_7597f
/usr/bin/cmake -E cmake_link_script CMakeFiles/cmTC_7597f.dir/link.txt --verbose=1
/usr/bin/cc   -D_GNU_SOURCE=1 CMakeFiles/cmTC_7597f.dir/CheckSymbolExists.c.o -o cmTC_7597f  -lm 
gmake[1]: Leaving directory '/home/feng/Projects/myapp/build/CMakeFiles/CMakeScratch/TryCompile-n4tjEX'


File CheckSymbolExists.c:
/* */
#include <float.h>
#include <iconv.h>
#include <inttypes.h>
#include <limits.h>
#include <malloc.h>
#include <math.h>
#include <memory.h>
#include <signal.h>
#include <stdarg.h>
#include <stdbool.h>
#include <stddef.h>
#include <stdint.h>
#include <stdio.h>
#include <stdlib.h>
#include <string.h>
#include <strings.h>
#include <sys/types.h>
#include <time.h>
#include <wchar.h>

int main(int argc, char** argv)
{
  (void)argv;
#ifndef wcsnlen
  return ((int*)(&wcsnlen))[argc];
#else
  (void)argc;
  return 0;
#endif
}
Determining if the wcscmp exist passed with the following output:
Change Dir: /home/feng/Projects/myapp/build/CMakeFiles/CMakeScratch/TryCompile-i8RDh2

Run Build Command(s):/usr/bin/gmake -f Makefile cmTC_d33c5/fast && /usr/bin/gmake  -f CMakeFiles/cmTC_d33c5.dir/build.make CMakeFiles/cmTC_d33c5.dir/build
gmake[1]: Entering directory '/home/feng/Projects/myapp/build/CMakeFiles/CMakeScratch/TryCompile-i8RDh2'
Building C object CMakeFiles/cmTC_d33c5.dir/CheckSymbolExists.c.o
/usr/bin/cc   -D_GNU_SOURCE=1 -o CMakeFiles/cmTC_d33c5.dir/CheckSymbolExists.c.o -c /home/feng/Projects/myapp/build/CMakeFiles/CMakeScratch/TryCompile-i8RDh2/CheckSymbolExists.c
Linking C executable cmTC_d33c5
/usr/bin/cmake -E cmake_link_script CMakeFiles/cmTC_d33c5.dir/link.txt --verbose=1
/usr/bin/cc   -D_GNU_SOURCE=1 CMakeFiles/cmTC_d33c5.dir/CheckSymbolExists.c.o -o cmTC_d33c5  -lm 
gmake[1]: Leaving directory '/home/feng/Projects/myapp/build/CMakeFiles/CMakeScratch/TryCompile-i8RDh2'


File CheckSymbolExists.c:
/* */
#include <float.h>
#include <iconv.h>
#include <inttypes.h>
#include <limits.h>
#include <malloc.h>
#include <math.h>
#include <memory.h>
#include <signal.h>
#include <stdarg.h>
#include <stdbool.h>
#include <stddef.h>
#include <stdint.h>
#include <stdio.h>
#include <stdlib.h>
#include <string.h>
#include <strings.h>
#include <sys/types.h>
#include <time.h>
#include <wchar.h>

int main(int argc, char** argv)
{
  (void)argv;
#ifndef wcscmp
  return ((int*)(&wcscmp))[argc];
#else
  (void)argc;
  return 0;
#endif
}
Determining if the wcsdup exist passed with the following output:
Change Dir: /home/feng/Projects/myapp/build/CMakeFiles/CMakeScratch/TryCompile-RpBRko

Run Build Command(s):/usr/bin/gmake -f Makefile cmTC_d053a/fast && /usr/bin/gmake  -f CMakeFiles/cmTC_d053a.dir/build.make CMakeFiles/cmTC_d053a.dir/build
gmake[1]: Entering directory '/home/feng/Projects/myapp/build/CMakeFiles/CMakeScratch/TryCompile-RpBRko'
Building C object CMakeFiles/cmTC_d053a.dir/CheckSymbolExists.c.o
/usr/bin/cc   -D_GNU_SOURCE=1 -o CMakeFiles/cmTC_d053a.dir/CheckSymbolExists.c.o -c /home/feng/Projects/myapp/build/CMakeFiles/CMakeScratch/TryCompile-RpBRko/CheckSymbolExists.c
Linking C executable cmTC_d053a
/usr/bin/cmake -E cmake_link_script CMakeFiles/cmTC_d053a.dir/link.txt --verbose=1
/usr/bin/cc   -D_GNU_SOURCE=1 CMakeFiles/cmTC_d053a.dir/CheckSymbolExists.c.o -o cmTC_d053a  -lm 
gmake[1]: Leaving directory '/home/feng/Projects/myapp/build/CMakeFiles/CMakeScratch/TryCompile-RpBRko'


File CheckSymbolExists.c:
/* */
#include <float.h>
#include <iconv.h>
#include <inttypes.h>
#include <limits.h>
#include <malloc.h>
#include <math.h>
#include <memory.h>
#include <signal.h>
#include <stdarg.h>
#include <stdbool.h>
#include <stddef.h>
#include <stdint.h>
#include <stdio.h>
#include <stdlib.h>
#include <string.h>
#include <strings.h>
#include <sys/types.h>
#include <time.h>
#include <wchar.h>

int main(int argc, char** argv)
{
  (void)argv;
#ifndef wcsdup
  return ((int*)(&wcsdup))[argc];
#else
  (void)argc;
  return 0;
#endif
}
Determining if the wcslen exist passed with the following output:
Change Dir: /home/feng/Projects/myapp/build/CMakeFiles/CMakeScratch/TryCompile-IIBlzL

Run Build Command(s):/usr/bin/gmake -f Makefile cmTC_5b197/fast && /usr/bin/gmake  -f CMakeFiles/cmTC_5b197.dir/build.make CMakeFiles/cmTC_5b197.dir/build
gmake[1]: Entering directory '/home/feng/Projects/myapp/build/CMakeFiles/CMakeScratch/TryCompile-IIBlzL'
Building C object CMakeFiles/cmTC_5b197.dir/CheckSymbolExists.c.o
/usr/bin/cc   -D_GNU_SOURCE=1 -o CMakeFiles/cmTC_5b197.dir/CheckSymbolExists.c.o -c /home/feng/Projects/myapp/build/CMakeFiles/CMakeScratch/TryCompile-IIBlzL/CheckSymbolExists.c
Linking C executable cmTC_5b197
/usr/bin/cmake -E cmake_link_script CMakeFiles/cmTC_5b197.dir/link.txt --verbose=1
/usr/bin/cc   -D_GNU_SOURCE=1 CMakeFiles/cmTC_5b197.dir/CheckSymbolExists.c.o -o cmTC_5b197  -lm 
gmake[1]: Leaving directory '/home/feng/Projects/myapp/build/CMakeFiles/CMakeScratch/TryCompile-IIBlzL'


File CheckSymbolExists.c:
/* */
#include <float.h>
#include <iconv.h>
#include <inttypes.h>
#include <limits.h>
#include <malloc.h>
#include <math.h>
#include <memory.h>
#include <signal.h>
#include <stdarg.h>
#include <stdbool.h>
#include <stddef.h>
#include <stdint.h>
#include <stdio.h>
#include <stdlib.h>
#include <string.h>
#include <strings.h>
#include <sys/types.h>
#include <time.h>
#include <wchar.h>

int main(int argc, char** argv)
{
  (void)argv;
#ifndef wcslen
  return ((int*)(&wcslen))[argc];
#else
  (void)argc;
  return 0;
#endif
}
Determining if the wcsncmp exist passed with the following output:
Change Dir: /home/feng/Projects/myapp/build/CMakeFiles/CMakeScratch/TryCompile-0yYbK3

Run Build Command(s):/usr/bin/gmake -f Makefile cmTC_d2c09/fast && /usr/bin/gmake  -f CMakeFiles/cmTC_d2c09.dir/build.make CMakeFiles/cmTC_d2c09.dir/build
gmake[1]: Entering directory '/home/feng/Projects/myapp/build/CMakeFiles/CMakeScratch/TryCompile-0yYbK3'
Building C object CMakeFiles/cmTC_d2c09.dir/CheckSymbolExists.c.o
/usr/bin/cc   -D_GNU_SOURCE=1 -o CMakeFiles/cmTC_d2c09.dir/CheckSymbolExists.c.o -c /home/feng/Projects/myapp/build/CMakeFiles/CMakeScratch/TryCompile-0yYbK3/CheckSymbolExists.c
Linking C executable cmTC_d2c09
/usr/bin/cmake -E cmake_link_script CMakeFiles/cmTC_d2c09.dir/link.txt --verbose=1
/usr/bin/cc   -D_GNU_SOURCE=1 CMakeFiles/cmTC_d2c09.dir/CheckSymbolExists.c.o -o cmTC_d2c09  -lm 
gmake[1]: Leaving directory '/home/feng/Projects/myapp/build/CMakeFiles/CMakeScratch/TryCompile-0yYbK3'


File CheckSymbolExists.c:
/* */
#include <float.h>
#include <iconv.h>
#include <inttypes.h>
#include <limits.h>
#include <malloc.h>
#include <math.h>
#include <memory.h>
#include <signal.h>
#include <stdarg.h>
#include <stdbool.h>
#include <stddef.h>
#include <stdint.h>
#include <stdio.h>
#include <stdlib.h>
#include <string.h>
#include <strings.h>
#include <sys/types.h>
#include <time.h>
#include <wchar.h>

int main(int argc, char** argv)
{
  (void)argv;
#ifndef wcsncmp
  return ((int*)(&wcsncmp))[argc];
#else
  (void)argc;
  return 0;
#endif
}
Determining if the wcsstr exist passed with the following output:
Change Dir: /home/feng/Projects/myapp/build/CMakeFiles/CMakeScratch/TryCompile-WFdhoC

Run Build Command(s):/usr/bin/gmake -f Makefile cmTC_d74de/fast && /usr/bin/gmake  -f CMakeFiles/cmTC_d74de.dir/build.make CMakeFiles/cmTC_d74de.dir/build
gmake[1]: Entering directory '/home/feng/Projects/myapp/build/CMakeFiles/CMakeScratch/TryCompile-WFdhoC'
Building C object CMakeFiles/cmTC_d74de.dir/CheckSymbolExists.c.o
/usr/bin/cc   -D_GNU_SOURCE=1 -o CMakeFiles/cmTC_d74de.dir/CheckSymbolExists.c.o -c /home/feng/Projects/myapp/build/CMakeFiles/CMakeScratch/TryCompile-WFdhoC/CheckSymbolExists.c
Linking C executable cmTC_d74de
/usr/bin/cmake -E cmake_link_script CMakeFiles/cmTC_d74de.dir/link.txt --verbose=1
/usr/bin/cc   -D_GNU_SOURCE=1 CMakeFiles/cmTC_d74de.dir/CheckSymbolExists.c.o -o cmTC_d74de  -lm 
gmake[1]: Leaving directory '/home/feng/Projects/myapp/build/CMakeFiles/CMakeScratch/TryCompile-WFdhoC'


File CheckSymbolExists.c:
/* */
#include <float.h>
#include <iconv.h>
#include <inttypes.h>
#include <limits.h>
#include <malloc.h>
#include <math.h>
#include <memory.h>
#include <signal.h>
#include <stdarg.h>
#include <stdbool.h>
#include <stddef.h>
#include <stdint.h>
#include <stdio.h>
#include <stdlib.h>
#include <string.h>
#include <strings.h>
#include <sys/types.h>
#include <time.h>
#include <wchar.h>

int main(int argc, char** argv)
{
  (void)argv;
#ifndef wcsstr
  return ((int*)(&wcsstr))[argc];
#else
  (void)argc;
  return 0;
#endif
}
Determining if the wcstol exist passed with the following output:
Change Dir: /home/feng/Projects/myapp/build/CMakeFiles/CMakeScratch/TryCompile-dreWH1

Run Build Command(s):/usr/bin/gmake -f Makefile cmTC_b6caa/fast && /usr/bin/gmake  -f CMakeFiles/cmTC_b6caa.dir/build.make CMakeFiles/cmTC_b6caa.dir/build
gmake[1]: Entering directory '/home/feng/Projects/myapp/build/CMakeFiles/CMakeScratch/TryCompile-dreWH1'
Building C object CMakeFiles/cmTC_b6caa.dir/CheckSymbolExists.c.o
/usr/bin/cc   -D_GNU_SOURCE=1 -o CMakeFiles/cmTC_b6caa.dir/CheckSymbolExists.c.o -c /home/feng/Projects/myapp/build/CMakeFiles/CMakeScratch/TryCompile-dreWH1/CheckSymbolExists.c
Linking C executable cmTC_b6caa
/usr/bin/cmake -E cmake_link_script CMakeFiles/cmTC_b6caa.dir/link.txt --verbose=1
/usr/bin/cc   -D_GNU_SOURCE=1 CMakeFiles/cmTC_b6caa.dir/CheckSymbolExists.c.o -o cmTC_b6caa  -lm 
gmake[1]: Leaving directory '/home/feng/Projects/myapp/build/CMakeFiles/CMakeScratch/TryCompile-dreWH1'


File CheckSymbolExists.c:
/* */
#include <float.h>
#include <iconv.h>
#include <inttypes.h>
#include <limits.h>
#include <malloc.h>
#include <math.h>
#include <memory.h>
#include <signal.h>
#include <stdarg.h>
#include <stdbool.h>
#include <stddef.h>
#include <stdint.h>
#include <stdio.h>
#include <stdlib.h>
#include <string.h>
#include <strings.h>
#include <sys/types.h>
#include <time.h>
#include <wchar.h>

int main(int argc, char** argv)
{
  (void)argv;
#ifndef wcstol
  return ((int*)(&wcstol))[argc];
#else
  (void)argc;
  return 0;
#endif
}
Determining if the strcasestr exist passed with the following output:
Change Dir: /home/feng/Projects/myapp/build/CMakeFiles/CMakeScratch/TryCompile-GrqCY4

Run Build Command(s):/usr/bin/gmake -f Makefile cmTC_13581/fast && /usr/bin/gmake  -f CMakeFiles/cmTC_13581.dir/build.make CMakeFiles/cmTC_13581.dir/build
gmake[1]: Entering directory '/home/feng/Projects/myapp/build/CMakeFiles/CMakeScratch/TryCompile-GrqCY4'
Building C object CMakeFiles/cmTC_13581.dir/CheckSymbolExists.c.o
/usr/bin/cc   -D_GNU_SOURCE=1 -o CMakeFiles/cmTC_13581.dir/CheckSymbolExists.c.o -c /home/feng/Projects/myapp/build/CMakeFiles/CMakeScratch/TryCompile-GrqCY4/CheckSymbolExists.c
Linking C executable cmTC_13581
/usr/bin/cmake -E cmake_link_script CMakeFiles/cmTC_13581.dir/link.txt --verbose=1
/usr/bin/cc   -D_GNU_SOURCE=1 CMakeFiles/cmTC_13581.dir/CheckSymbolExists.c.o -o cmTC_13581  -lm 
gmake[1]: Leaving directory '/home/feng/Projects/myapp/build/CMakeFiles/CMakeScratch/TryCompile-GrqCY4'


File CheckSymbolExists.c:
/* */
#include <float.h>
#include <iconv.h>
#include <inttypes.h>
#include <limits.h>
#include <malloc.h>
#include <math.h>
#include <memory.h>
#include <signal.h>
#include <stdarg.h>
#include <stdbool.h>
#include <stddef.h>
#include <stdint.h>
#include <stdio.h>
#include <stdlib.h>
#include <string.h>
#include <strings.h>
#include <sys/types.h>
#include <time.h>
#include <wchar.h>

int main(int argc, char** argv)
{
  (void)argv;
#ifndef strcasestr
  return ((int*)(&strcasestr))[argc];
#else
  (void)argc;
  return 0;
#endif
}
Performing C SOURCE FILE Test LIBC_HAS_ISINF succeeded with the following output:
Change Dir: /home/feng/Projects/myapp/build/CMakeFiles/CMakeScratch/TryCompile-PbQFMo

Run Build Command(s):/usr/bin/gmake -f Makefile cmTC_a5a1d/fast && /usr/bin/gmake  -f CMakeFiles/cmTC_a5a1d.dir/build.make CMakeFiles/cmTC_a5a1d.dir/build
gmake[1]: Entering directory '/home/feng/Projects/myapp/build/CMakeFiles/CMakeScratch/TryCompile-PbQFMo'
Building C object CMakeFiles/cmTC_a5a1d.dir/src.c.o
/usr/bin/cc -DLIBC_HAS_ISINF  -D_GNU_SOURCE=1 -Wfloat-conversion -Werror -o CMakeFiles/cmTC_a5a1d.dir/src.c.o -c /home/feng/Projects/myapp/build/CMakeFiles/CMakeScratch/TryCompile-PbQFMo/src.c
Linking C executable cmTC_a5a1d
/usr/bin/cmake -E cmake_link_script CMakeFiles/cmTC_a5a1d.dir/link.txt --verbose=1
/usr/bin/cc   -D_GNU_SOURCE=1 -Wfloat-conversion -Werror CMakeFiles/cmTC_a5a1d.dir/src.c.o -o cmTC_a5a1d 
gmake[1]: Leaving directory '/home/feng/Projects/myapp/build/CMakeFiles/CMakeScratch/TryCompile-PbQFMo'


Source file was:

        #include <math.h>
        int main() {
          double d = 3.14159;
          return isinf(d);
        }
      

Performing C SOURCE FILE Test LIBC_ISINF_HANDLES_FLOAT succeeded with the following output:
Change Dir: /home/feng/Projects/myapp/build/CMakeFiles/CMakeScratch/TryCompile-rgAepY

Run Build Command(s):/usr/bin/gmake -f Makefile cmTC_286c5/fast && /usr/bin/gmake  -f CMakeFiles/cmTC_286c5.dir/build.make CMakeFiles/cmTC_286c5.dir/build
gmake[1]: Entering directory '/home/feng/Projects/myapp/build/CMakeFiles/CMakeScratch/TryCompile-rgAepY'
Building C object CMakeFiles/cmTC_286c5.dir/src.c.o
/usr/bin/cc -DLIBC_ISINF_HANDLES_FLOAT  -D_GNU_SOURCE=1 -Wfloat-conversion -Werror -o CMakeFiles/cmTC_286c5.dir/src.c.o -c /home/feng/Projects/myapp/build/CMakeFiles/CMakeScratch/TryCompile-rgAepY/src.c
Linking C executable cmTC_286c5
/usr/bin/cmake -E cmake_link_script CMakeFiles/cmTC_286c5.dir/link.txt --verbose=1
/usr/bin/cc   -D_GNU_SOURCE=1 -Wfloat-conversion -Werror CMakeFiles/cmTC_286c5.dir/src.c.o -o cmTC_286c5 
gmake[1]: Leaving directory '/home/feng/Projects/myapp/build/CMakeFiles/CMakeScratch/TryCompile-rgAepY'


Source file was:

      #include <math.h>
      int main() {
        float f = 3.14159f;
        return isinf(f);
      }
    

Performing C SOURCE FILE Test LIBC_HAS_ISINFF succeeded with the following output:
Change Dir: /home/feng/Projects/myapp/build/CMakeFiles/CMakeScratch/TryCompile-7G2JCb

Run Build Command(s):/usr/bin/gmake -f Makefile cmTC_18993/fast && /usr/bin/gmake  -f CMakeFiles/cmTC_18993.dir/build.make CMakeFiles/cmTC_18993.dir/build
gmake[1]: Entering directory '/home/feng/Projects/myapp/build/CMakeFiles/CMakeScratch/TryCompile-7G2JCb'
Building C object CMakeFiles/cmTC_18993.dir/src.c.o
/usr/bin/cc -DLIBC_HAS_ISINFF  -D_GNU_SOURCE=1 -Wfloat-conversion -Werror -o CMakeFiles/cmTC_18993.dir/src.c.o -c /home/feng/Projects/myapp/build/CMakeFiles/CMakeScratch/TryCompile-7G2JCb/src.c
Linking C executable cmTC_18993
/usr/bin/cmake -E cmake_link_script CMakeFiles/cmTC_18993.dir/link.txt --verbose=1
/usr/bin/cc   -D_GNU_SOURCE=1 -Wfloat-conversion -Werror CMakeFiles/cmTC_18993.dir/src.c.o -o cmTC_18993 
gmake[1]: Leaving directory '/home/feng/Projects/myapp/build/CMakeFiles/CMakeScratch/TryCompile-7G2JCb'


Source file was:

      #include <math.h>
      int main() {
        float f = 3.14159f;
        return isinff(f);
      }
    

Performing C SOURCE FILE Test LIBC_HAS_ISNAN succeeded with the following output:
Change Dir: /home/feng/Projects/myapp/build/CMakeFiles/CMakeScratch/TryCompile-OiA4uX

Run Build Command(s):/usr/bin/gmake -f Makefile cmTC_adba2/fast && /usr/bin/gmake  -f CMakeFiles/cmTC_adba2.dir/build.make CMakeFiles/cmTC_adba2.dir/build
gmake[1]: Entering directory '/home/feng/Projects/myapp/build/CMakeFiles/CMakeScratch/TryCompile-OiA4uX'
Building C object CMakeFiles/cmTC_adba2.dir/src.c.o
/usr/bin/cc -DLIBC_HAS_ISNAN  -D_GNU_SOURCE=1 -Wfloat-conversion -Werror -o CMakeFiles/cmTC_adba2.dir/src.c.o -c /home/feng/Projects/myapp/build/CMakeFiles/CMakeScratch/TryCompile-OiA4uX/src.c
Linking C executable cmTC_adba2
/usr/bin/cmake -E cmake_link_script CMakeFiles/cmTC_adba2.dir/link.txt --verbose=1
/usr/bin/cc   -D_GNU_SOURCE=1 -Wfloat-conversion -Werror CMakeFiles/cmTC_adba2.dir/src.c.o -o cmTC_adba2 
gmake[1]: Leaving directory '/home/feng/Projects/myapp/build/CMakeFiles/CMakeScratch/TryCompile-OiA4uX'


Source file was:

        #include <math.h>
        int main() {
          double d = 3.14159;
          return isnan(d);
        }
      

Performing C SOURCE FILE Test LIBC_ISNAN_HANDLES_FLOAT succeeded with the following output:
Change Dir: /home/feng/Projects/myapp/build/CMakeFiles/CMakeScratch/TryCompile-lSBqQ4

Run Build Command(s):/usr/bin/gmake -f Makefile cmTC_e935a/fast && /usr/bin/gmake  -f CMakeFiles/cmTC_e935a.dir/build.make CMakeFiles/cmTC_e935a.dir/build
gmake[1]: Entering directory '/home/feng/Projects/myapp/build/CMakeFiles/CMakeScratch/TryCompile-lSBqQ4'
Building C object CMakeFiles/cmTC_e935a.dir/src.c.o
/usr/bin/cc -DLIBC_ISNAN_HANDLES_FLOAT  -D_GNU_SOURCE=1 -Wfloat-conversion -Werror -o CMakeFiles/cmTC_e935a.dir/src.c.o -c /home/feng/Projects/myapp/build/CMakeFiles/CMakeScratch/TryCompile-lSBqQ4/src.c
Linking C executable cmTC_e935a
/usr/bin/cmake -E cmake_link_script CMakeFiles/cmTC_e935a.dir/link.txt --verbose=1
/usr/bin/cc   -D_GNU_SOURCE=1 -Wfloat-conversion -Werror CMakeFiles/cmTC_e935a.dir/src.c.o -o cmTC_e935a 
gmake[1]: Leaving directory '/home/feng/Projects/myapp/build/CMakeFiles/CMakeScratch/TryCompile-lSBqQ4'


Source file was:

      #include <math.h>
      int main() {
        float f = 3.14159f;
        return isnan(f);
      }
    

Performing C SOURCE FILE Test LIBC_HAS_ISNANF succeeded with the following output:
Change Dir: /home/feng/Projects/myapp/build/CMakeFiles/CMakeScratch/TryCompile-BCoOGT

Run Build Command(s):/usr/bin/gmake -f Makefile cmTC_59be9/fast && /usr/bin/gmake  -f CMakeFiles/cmTC_59be9.dir/build.make CMakeFiles/cmTC_59be9.dir/build
gmake[1]: Entering directory '/home/feng/Projects/myapp/build/CMakeFiles/CMakeScratch/TryCompile-BCoOGT'
Building C object CMakeFiles/cmTC_59be9.dir/src.c.o
/usr/bin/cc -DLIBC_HAS_ISNANF  -D_GNU_SOURCE=1 -Wfloat-conversion -Werror -o CMakeFiles/cmTC_59be9.dir/src.c.o -c /home/feng/Projects/myapp/build/CMakeFiles/CMakeScratch/TryCompile-BCoOGT/src.c
Linking C executable cmTC_59be9
/usr/bin/cmake -E cmake_link_script CMakeFiles/cmTC_59be9.dir/link.txt --verbose=1
/usr/bin/cc   -D_GNU_SOURCE=1 -Wfloat-conversion -Werror CMakeFiles/cmTC_59be9.dir/src.c.o -o cmTC_59be9 
gmake[1]: Leaving directory '/home/feng/Projects/myapp/build/CMakeFiles/CMakeScratch/TryCompile-BCoOGT'


Source file was:

      #include <math.h>
      int main() {
        float f = 3.14159f;
        return isnanf(f);
      }
    

Determining if the fdatasync exist passed with the following output:
Change Dir: /home/feng/Projects/myapp/build/CMakeFiles/CMakeScratch/TryCompile-hTarLG

Run Build Command(s):/usr/bin/gmake -f Makefile cmTC_91f15/fast && /usr/bin/gmake  -f CMakeFiles/cmTC_91f15.dir/build.make CMakeFiles/cmTC_91f15.dir/build
gmake[1]: Entering directory '/home/feng/Projects/myapp/build/CMakeFiles/CMakeScratch/TryCompile-hTarLG'
Building C object CMakeFiles/cmTC_91f15.dir/CheckSymbolExists.c.o
/usr/bin/cc   -D_GNU_SOURCE=1 -o CMakeFiles/cmTC_91f15.dir/CheckSymbolExists.c.o -c /home/feng/Projects/myapp/build/CMakeFiles/CMakeScratch/TryCompile-hTarLG/CheckSymbolExists.c
Linking C executable cmTC_91f15
/usr/bin/cmake -E cmake_link_script CMakeFiles/cmTC_91f15.dir/link.txt --verbose=1
/usr/bin/cc   -D_GNU_SOURCE=1 CMakeFiles/cmTC_91f15.dir/CheckSymbolExists.c.o -o cmTC_91f15 
gmake[1]: Leaving directory '/home/feng/Projects/myapp/build/CMakeFiles/CMakeScratch/TryCompile-hTarLG'


File CheckSymbolExists.c:
/* */
#include <unistd.h>

int main(int argc, char** argv)
{
  (void)argv;
#ifndef fdatasync
  return ((int*)(&fdatasync))[argc];
#else
  (void)argc;
  return 0;
#endif
}
Determining if the gethostname exist passed with the following output:
Change Dir: /home/feng/Projects/myapp/build/CMakeFiles/CMakeScratch/TryCompile-gyzN6p

Run Build Command(s):/usr/bin/gmake -f Makefile cmTC_02de8/fast && /usr/bin/gmake  -f CMakeFiles/cmTC_02de8.dir/build.make CMakeFiles/cmTC_02de8.dir/build
gmake[1]: Entering directory '/home/feng/Projects/myapp/build/CMakeFiles/CMakeScratch/TryCompile-gyzN6p'
Building C object CMakeFiles/cmTC_02de8.dir/CheckSymbolExists.c.o
/usr/bin/cc   -D_GNU_SOURCE=1 -o CMakeFiles/cmTC_02de8.dir/CheckSymbolExists.c.o -c /home/feng/Projects/myapp/build/CMakeFiles/CMakeScratch/TryCompile-gyzN6p/CheckSymbolExists.c
Linking C executable cmTC_02de8
/usr/bin/cmake -E cmake_link_script CMakeFiles/cmTC_02de8.dir/link.txt --verbose=1
/usr/bin/cc   -D_GNU_SOURCE=1 CMakeFiles/cmTC_02de8.dir/CheckSymbolExists.c.o -o cmTC_02de8 
gmake[1]: Leaving directory '/home/feng/Projects/myapp/build/CMakeFiles/CMakeScratch/TryCompile-gyzN6p'


File CheckSymbolExists.c:
/* */
#include <unistd.h>

int main(int argc, char** argv)
{
  (void)argv;
#ifndef gethostname
  return ((int*)(&gethostname))[argc];
#else
  (void)argc;
  return 0;
#endif
}
Determining if the getpagesize exist passed with the following output:
Change Dir: /home/feng/Projects/myapp/build/CMakeFiles/CMakeScratch/TryCompile-0BhG4u

Run Build Command(s):/usr/bin/gmake -f Makefile cmTC_4e6ce/fast && /usr/bin/gmake  -f CMakeFiles/cmTC_4e6ce.dir/build.make CMakeFiles/cmTC_4e6ce.dir/build
gmake[1]: Entering directory '/home/feng/Projects/myapp/build/CMakeFiles/CMakeScratch/TryCompile-0BhG4u'
Building C object CMakeFiles/cmTC_4e6ce.dir/CheckSymbolExists.c.o
/usr/bin/cc   -D_GNU_SOURCE=1 -o CMakeFiles/cmTC_4e6ce.dir/CheckSymbolExists.c.o -c /home/feng/Projects/myapp/build/CMakeFiles/CMakeScratch/TryCompile-0BhG4u/CheckSymbolExists.c
Linking C executable cmTC_4e6ce
/usr/bin/cmake -E cmake_link_script CMakeFiles/cmTC_4e6ce.dir/link.txt --verbose=1
/usr/bin/cc   -D_GNU_SOURCE=1 CMakeFiles/cmTC_4e6ce.dir/CheckSymbolExists.c.o -o cmTC_4e6ce 
gmake[1]: Leaving directory '/home/feng/Projects/myapp/build/CMakeFiles/CMakeScratch/TryCompile-0BhG4u'


File CheckSymbolExists.c:
/* */
#include <unistd.h>

int main(int argc, char** argv)
{
  (void)argv;
#ifndef getpagesize
  return ((int*)(&getpagesize))[argc];
#else
  (void)argc;
  return 0;
#endif
}
Determining if the getresgid exist passed with the following output:
Change Dir: /home/feng/Projects/myapp/build/CMakeFiles/CMakeScratch/TryCompile-1Wiz3i

Run Build Command(s):/usr/bin/gmake -f Makefile cmTC_1f9cc/fast && /usr/bin/gmake  -f CMakeFiles/cmTC_1f9cc.dir/build.make CMakeFiles/cmTC_1f9cc.dir/build
gmake[1]: Entering directory '/home/feng/Projects/myapp/build/CMakeFiles/CMakeScratch/TryCompile-1Wiz3i'
Building C object CMakeFiles/cmTC_1f9cc.dir/CheckSymbolExists.c.o
/usr/bin/cc   -D_GNU_SOURCE=1 -o CMakeFiles/cmTC_1f9cc.dir/CheckSymbolExists.c.o -c /home/feng/Projects/myapp/build/CMakeFiles/CMakeScratch/TryCompile-1Wiz3i/CheckSymbolExists.c
Linking C executable cmTC_1f9cc
/usr/bin/cmake -E cmake_link_script CMakeFiles/cmTC_1f9cc.dir/link.txt --verbose=1
/usr/bin/cc   -D_GNU_SOURCE=1 CMakeFiles/cmTC_1f9cc.dir/CheckSymbolExists.c.o -o cmTC_1f9cc 
gmake[1]: Leaving directory '/home/feng/Projects/myapp/build/CMakeFiles/CMakeScratch/TryCompile-1Wiz3i'


File CheckSymbolExists.c:
/* */
#include <unistd.h>

int main(int argc, char** argv)
{
  (void)argv;
#ifndef getresgid
  return ((int*)(&getresgid))[argc];
#else
  (void)argc;
  return 0;
#endif
}
Determining if the getresuid exist passed with the following output:
Change Dir: /home/feng/Projects/myapp/build/CMakeFiles/CMakeScratch/TryCompile-E0ZBms

Run Build Command(s):/usr/bin/gmake -f Makefile cmTC_5d182/fast && /usr/bin/gmake  -f CMakeFiles/cmTC_5d182.dir/build.make CMakeFiles/cmTC_5d182.dir/build
gmake[1]: Entering directory '/home/feng/Projects/myapp/build/CMakeFiles/CMakeScratch/TryCompile-E0ZBms'
Building C object CMakeFiles/cmTC_5d182.dir/CheckSymbolExists.c.o
/usr/bin/cc   -D_GNU_SOURCE=1 -o CMakeFiles/cmTC_5d182.dir/CheckSymbolExists.c.o -c /home/feng/Projects/myapp/build/CMakeFiles/CMakeScratch/TryCompile-E0ZBms/CheckSymbolExists.c
Linking C executable cmTC_5d182
/usr/bin/cmake -E cmake_link_script CMakeFiles/cmTC_5d182.dir/link.txt --verbose=1
/usr/bin/cc   -D_GNU_SOURCE=1 CMakeFiles/cmTC_5d182.dir/CheckSymbolExists.c.o -o cmTC_5d182 
gmake[1]: Leaving directory '/home/feng/Projects/myapp/build/CMakeFiles/CMakeScratch/TryCompile-E0ZBms'


File CheckSymbolExists.c:
/* */
#include <unistd.h>

int main(int argc, char** argv)
{
  (void)argv;
#ifndef getresuid
  return ((int*)(&getresuid))[argc];
#else
  (void)argc;
  return 0;
#endif
}
Determining if the sigaction exist passed with the following output:
Change Dir: /home/feng/Projects/myapp/build/CMakeFiles/CMakeScratch/TryCompile-8q8pKu

Run Build Command(s):/usr/bin/gmake -f Makefile cmTC_3d6f8/fast && /usr/bin/gmake  -f CMakeFiles/cmTC_3d6f8.dir/build.make CMakeFiles/cmTC_3d6f8.dir/build
gmake[1]: Entering directory '/home/feng/Projects/myapp/build/CMakeFiles/CMakeScratch/TryCompile-8q8pKu'
Building C object CMakeFiles/cmTC_3d6f8.dir/CheckSymbolExists.c.o
/usr/bin/cc   -D_GNU_SOURCE=1 -o CMakeFiles/cmTC_3d6f8.dir/CheckSymbolExists.c.o -c /home/feng/Projects/myapp/build/CMakeFiles/CMakeScratch/TryCompile-8q8pKu/CheckSymbolExists.c
Linking C executable cmTC_3d6f8
/usr/bin/cmake -E cmake_link_script CMakeFiles/cmTC_3d6f8.dir/link.txt --verbose=1
/usr/bin/cc   -D_GNU_SOURCE=1 CMakeFiles/cmTC_3d6f8.dir/CheckSymbolExists.c.o -o cmTC_3d6f8 
gmake[1]: Leaving directory '/home/feng/Projects/myapp/build/CMakeFiles/CMakeScratch/TryCompile-8q8pKu'


File CheckSymbolExists.c:
/* */
#include <signal.h>

int main(int argc, char** argv)
{
  (void)argv;
#ifndef sigaction
  return ((int*)(&sigaction))[argc];
#else
  (void)argc;
  return 0;
#endif
}
Determining if the sigtimedwait exist passed with the following output:
Change Dir: /home/feng/Projects/myapp/build/CMakeFiles/CMakeScratch/TryCompile-zQVHXd

Run Build Command(s):/usr/bin/gmake -f Makefile cmTC_ac428/fast && /usr/bin/gmake  -f CMakeFiles/cmTC_ac428.dir/build.make CMakeFiles/cmTC_ac428.dir/build
gmake[1]: Entering directory '/home/feng/Projects/myapp/build/CMakeFiles/CMakeScratch/TryCompile-zQVHXd'
Building C object CMakeFiles/cmTC_ac428.dir/CheckSymbolExists.c.o
/usr/bin/cc   -D_GNU_SOURCE=1 -o CMakeFiles/cmTC_ac428.dir/CheckSymbolExists.c.o -c /home/feng/Projects/myapp/build/CMakeFiles/CMakeScratch/TryCompile-zQVHXd/CheckSymbolExists.c
Linking C executable cmTC_ac428
/usr/bin/cmake -E cmake_link_script CMakeFiles/cmTC_ac428.dir/link.txt --verbose=1
/usr/bin/cc   -D_GNU_SOURCE=1 CMakeFiles/cmTC_ac428.dir/CheckSymbolExists.c.o -o cmTC_ac428 
gmake[1]: Leaving directory '/home/feng/Projects/myapp/build/CMakeFiles/CMakeScratch/TryCompile-zQVHXd'


File CheckSymbolExists.c:
/* */
#include <signal.h>

int main(int argc, char** argv)
{
  (void)argv;
#ifndef sigtimedwait
  return ((int*)(&sigtimedwait))[argc];
#else
  (void)argc;
  return 0;
#endif
}
Determining if the setjmp exist passed with the following output:
Change Dir: /home/feng/Projects/myapp/build/CMakeFiles/CMakeScratch/TryCompile-2Z3ExM

Run Build Command(s):/usr/bin/gmake -f Makefile cmTC_1d07e/fast && /usr/bin/gmake  -f CMakeFiles/cmTC_1d07e.dir/build.make CMakeFiles/cmTC_1d07e.dir/build
gmake[1]: Entering directory '/home/feng/Projects/myapp/build/CMakeFiles/CMakeScratch/TryCompile-2Z3ExM'
Building C object CMakeFiles/cmTC_1d07e.dir/CheckSymbolExists.c.o
/usr/bin/cc   -D_GNU_SOURCE=1 -o CMakeFiles/cmTC_1d07e.dir/CheckSymbolExists.c.o -c /home/feng/Projects/myapp/build/CMakeFiles/CMakeScratch/TryCompile-2Z3ExM/CheckSymbolExists.c
Linking C executable cmTC_1d07e
/usr/bin/cmake -E cmake_link_script CMakeFiles/cmTC_1d07e.dir/link.txt --verbose=1
/usr/bin/cc   -D_GNU_SOURCE=1 CMakeFiles/cmTC_1d07e.dir/CheckSymbolExists.c.o -o cmTC_1d07e 
gmake[1]: Leaving directory '/home/feng/Projects/myapp/build/CMakeFiles/CMakeScratch/TryCompile-2Z3ExM'


File CheckSymbolExists.c:
/* */
#include <setjmp.h>

int main(int argc, char** argv)
{
  (void)argv;
#ifndef setjmp
  return ((int*)(&setjmp))[argc];
#else
  (void)argc;
  return 0;
#endif
}
Determining if the nanosleep exist passed with the following output:
Change Dir: /home/feng/Projects/myapp/build/CMakeFiles/CMakeScratch/TryCompile-Pu1tBm

Run Build Command(s):/usr/bin/gmake -f Makefile cmTC_cdebe/fast && /usr/bin/gmake  -f CMakeFiles/cmTC_cdebe.dir/build.make CMakeFiles/cmTC_cdebe.dir/build
gmake[1]: Entering directory '/home/feng/Projects/myapp/build/CMakeFiles/CMakeScratch/TryCompile-Pu1tBm'
Building C object CMakeFiles/cmTC_cdebe.dir/CheckSymbolExists.c.o
/usr/bin/cc   -D_GNU_SOURCE=1 -o CMakeFiles/cmTC_cdebe.dir/CheckSymbolExists.c.o -c /home/feng/Projects/myapp/build/CMakeFiles/CMakeScratch/TryCompile-Pu1tBm/CheckSymbolExists.c
Linking C executable cmTC_cdebe
/usr/bin/cmake -E cmake_link_script CMakeFiles/cmTC_cdebe.dir/link.txt --verbose=1
/usr/bin/cc   -D_GNU_SOURCE=1 CMakeFiles/cmTC_cdebe.dir/CheckSymbolExists.c.o -o cmTC_cdebe 
gmake[1]: Leaving directory '/home/feng/Projects/myapp/build/CMakeFiles/CMakeScratch/TryCompile-Pu1tBm'


File CheckSymbolExists.c:
/* */
#include <time.h>

int main(int argc, char** argv)
{
  (void)argv;
#ifndef nanosleep
  return ((int*)(&nanosleep))[argc];
#else
  (void)argc;
  return 0;
#endif
}
Determining if the gmtime_r exist passed with the following output:
Change Dir: /home/feng/Projects/myapp/build/CMakeFiles/CMakeScratch/TryCompile-2Sb8f9

Run Build Command(s):/usr/bin/gmake -f Makefile cmTC_44478/fast && /usr/bin/gmake  -f CMakeFiles/cmTC_44478.dir/build.make CMakeFiles/cmTC_44478.dir/build
gmake[1]: Entering directory '/home/feng/Projects/myapp/build/CMakeFiles/CMakeScratch/TryCompile-2Sb8f9'
Building C object CMakeFiles/cmTC_44478.dir/CheckSymbolExists.c.o
/usr/bin/cc   -D_GNU_SOURCE=1 -o CMakeFiles/cmTC_44478.dir/CheckSymbolExists.c.o -c /home/feng/Projects/myapp/build/CMakeFiles/CMakeScratch/TryCompile-2Sb8f9/CheckSymbolExists.c
Linking C executable cmTC_44478
/usr/bin/cmake -E cmake_link_script CMakeFiles/cmTC_44478.dir/link.txt --verbose=1
/usr/bin/cc   -D_GNU_SOURCE=1 CMakeFiles/cmTC_44478.dir/CheckSymbolExists.c.o -o cmTC_44478 
gmake[1]: Leaving directory '/home/feng/Projects/myapp/build/CMakeFiles/CMakeScratch/TryCompile-2Sb8f9'


File CheckSymbolExists.c:
/* */
#include <time.h>

int main(int argc, char** argv)
{
  (void)argv;
#ifndef gmtime_r
  return ((int*)(&gmtime_r))[argc];
#else
  (void)argc;
  return 0;
#endif
}
Determining if the localtime_r exist passed with the following output:
Change Dir: /home/feng/Projects/myapp/build/CMakeFiles/CMakeScratch/TryCompile-k5KftS

Run Build Command(s):/usr/bin/gmake -f Makefile cmTC_66c2e/fast && /usr/bin/gmake  -f CMakeFiles/cmTC_66c2e.dir/build.make CMakeFiles/cmTC_66c2e.dir/build
gmake[1]: Entering directory '/home/feng/Projects/myapp/build/CMakeFiles/CMakeScratch/TryCompile-k5KftS'
Building C object CMakeFiles/cmTC_66c2e.dir/CheckSymbolExists.c.o
/usr/bin/cc   -D_GNU_SOURCE=1 -o CMakeFiles/cmTC_66c2e.dir/CheckSymbolExists.c.o -c /home/feng/Projects/myapp/build/CMakeFiles/CMakeScratch/TryCompile-k5KftS/CheckSymbolExists.c
Linking C executable cmTC_66c2e
/usr/bin/cmake -E cmake_link_script CMakeFiles/cmTC_66c2e.dir/link.txt --verbose=1
/usr/bin/cc   -D_GNU_SOURCE=1 CMakeFiles/cmTC_66c2e.dir/CheckSymbolExists.c.o -o cmTC_66c2e 
gmake[1]: Leaving directory '/home/feng/Projects/myapp/build/CMakeFiles/CMakeScratch/TryCompile-k5KftS'


File CheckSymbolExists.c:
/* */
#include <time.h>

int main(int argc, char** argv)
{
  (void)argv;
#ifndef localtime_r
  return ((int*)(&localtime_r))[argc];
#else
  (void)argc;
  return 0;
#endif
}
Determining if the nl_langinfo exist passed with the following output:
Change Dir: /home/feng/Projects/myapp/build/CMakeFiles/CMakeScratch/TryCompile-taMxMo

Run Build Command(s):/usr/bin/gmake -f Makefile cmTC_b90dd/fast && /usr/bin/gmake  -f CMakeFiles/cmTC_b90dd.dir/build.make CMakeFiles/cmTC_b90dd.dir/build
gmake[1]: Entering directory '/home/feng/Projects/myapp/build/CMakeFiles/CMakeScratch/TryCompile-taMxMo'
Building C object CMakeFiles/cmTC_b90dd.dir/CheckSymbolExists.c.o
/usr/bin/cc   -D_GNU_SOURCE=1 -o CMakeFiles/cmTC_b90dd.dir/CheckSymbolExists.c.o -c /home/feng/Projects/myapp/build/CMakeFiles/CMakeScratch/TryCompile-taMxMo/CheckSymbolExists.c
Linking C executable cmTC_b90dd
/usr/bin/cmake -E cmake_link_script CMakeFiles/cmTC_b90dd.dir/link.txt --verbose=1
/usr/bin/cc   -D_GNU_SOURCE=1 CMakeFiles/cmTC_b90dd.dir/CheckSymbolExists.c.o -o cmTC_b90dd 
gmake[1]: Leaving directory '/home/feng/Projects/myapp/build/CMakeFiles/CMakeScratch/TryCompile-taMxMo'


File CheckSymbolExists.c:
/* */
#include <langinfo.h>

int main(int argc, char** argv)
{
  (void)argv;
#ifndef nl_langinfo
  return ((int*)(&nl_langinfo))[argc];
#else
  (void)argc;
  return 0;
#endif
}
Determining if the sysconf exist passed with the following output:
Change Dir: /home/feng/Projects/myapp/build/CMakeFiles/CMakeScratch/TryCompile-y53w1X

Run Build Command(s):/usr/bin/gmake -f Makefile cmTC_3c2c3/fast && /usr/bin/gmake  -f CMakeFiles/cmTC_3c2c3.dir/build.make CMakeFiles/cmTC_3c2c3.dir/build
gmake[1]: Entering directory '/home/feng/Projects/myapp/build/CMakeFiles/CMakeScratch/TryCompile-y53w1X'
Building C object CMakeFiles/cmTC_3c2c3.dir/CheckSymbolExists.c.o
/usr/bin/cc   -D_GNU_SOURCE=1 -o CMakeFiles/cmTC_3c2c3.dir/CheckSymbolExists.c.o -c /home/feng/Projects/myapp/build/CMakeFiles/CMakeScratch/TryCompile-y53w1X/CheckSymbolExists.c
Linking C executable cmTC_3c2c3
/usr/bin/cmake -E cmake_link_script CMakeFiles/cmTC_3c2c3.dir/link.txt --verbose=1
/usr/bin/cc   -D_GNU_SOURCE=1 CMakeFiles/cmTC_3c2c3.dir/CheckSymbolExists.c.o -o cmTC_3c2c3 
gmake[1]: Leaving directory '/home/feng/Projects/myapp/build/CMakeFiles/CMakeScratch/TryCompile-y53w1X'


File CheckSymbolExists.c:
/* */
#include <unistd.h>

int main(int argc, char** argv)
{
  (void)argv;
#ifndef sysconf
  return ((int*)(&sysconf))[argc];
#else
  (void)argc;
  return 0;
#endif
}
Determining if the getauxval exist passed with the following output:
Change Dir: /home/feng/Projects/myapp/build/CMakeFiles/CMakeScratch/TryCompile-TSLVU9

Run Build Command(s):/usr/bin/gmake -f Makefile cmTC_e86d5/fast && /usr/bin/gmake  -f CMakeFiles/cmTC_e86d5.dir/build.make CMakeFiles/cmTC_e86d5.dir/build
gmake[1]: Entering directory '/home/feng/Projects/myapp/build/CMakeFiles/CMakeScratch/TryCompile-TSLVU9'
Building C object CMakeFiles/cmTC_e86d5.dir/CheckSymbolExists.c.o
/usr/bin/cc   -D_GNU_SOURCE=1 -o CMakeFiles/cmTC_e86d5.dir/CheckSymbolExists.c.o -c /home/feng/Projects/myapp/build/CMakeFiles/CMakeScratch/TryCompile-TSLVU9/CheckSymbolExists.c
Linking C executable cmTC_e86d5
/usr/bin/cmake -E cmake_link_script CMakeFiles/cmTC_e86d5.dir/link.txt --verbose=1
/usr/bin/cc   -D_GNU_SOURCE=1 CMakeFiles/cmTC_e86d5.dir/CheckSymbolExists.c.o -o cmTC_e86d5 
gmake[1]: Leaving directory '/home/feng/Projects/myapp/build/CMakeFiles/CMakeScratch/TryCompile-TSLVU9'


File CheckSymbolExists.c:
/* */
#include <sys/auxv.h>

int main(int argc, char** argv)
{
  (void)argv;
#ifndef getauxval
  return ((int*)(&getauxval))[argc];
#else
  (void)argc;
  return 0;
#endif
}
Determining if the ppoll exist passed with the following output:
Change Dir: /home/feng/Projects/myapp/build/CMakeFiles/CMakeScratch/TryCompile-q26emA

Run Build Command(s):/usr/bin/gmake -f Makefile cmTC_a5193/fast && /usr/bin/gmake  -f CMakeFiles/cmTC_a5193.dir/build.make CMakeFiles/cmTC_a5193.dir/build
gmake[1]: Entering directory '/home/feng/Projects/myapp/build/CMakeFiles/CMakeScratch/TryCompile-q26emA'
Building C object CMakeFiles/cmTC_a5193.dir/CheckSymbolExists.c.o
/usr/bin/cc   -D_GNU_SOURCE=1 -o CMakeFiles/cmTC_a5193.dir/CheckSymbolExists.c.o -c /home/feng/Projects/myapp/build/CMakeFiles/CMakeScratch/TryCompile-q26emA/CheckSymbolExists.c
Linking C executable cmTC_a5193
/usr/bin/cmake -E cmake_link_script CMakeFiles/cmTC_a5193.dir/link.txt --verbose=1
/usr/bin/cc   -D_GNU_SOURCE=1 CMakeFiles/cmTC_a5193.dir/CheckSymbolExists.c.o -o cmTC_a5193 
gmake[1]: Leaving directory '/home/feng/Projects/myapp/build/CMakeFiles/CMakeScratch/TryCompile-q26emA'


File CheckSymbolExists.c:
/* */
#include <poll.h>

int main(int argc, char** argv)
{
  (void)argv;
#ifndef ppoll
  return ((int*)(&ppoll))[argc];
#else
  (void)argc;
  return 0;
#endif
}
Determining if the memfd_create exist passed with the following output:
Change Dir: /home/feng/Projects/myapp/build/CMakeFiles/CMakeScratch/TryCompile-dpMlrQ

Run Build Command(s):/usr/bin/gmake -f Makefile cmTC_f76dd/fast && /usr/bin/gmake  -f CMakeFiles/cmTC_f76dd.dir/build.make CMakeFiles/cmTC_f76dd.dir/build
gmake[1]: Entering directory '/home/feng/Projects/myapp/build/CMakeFiles/CMakeScratch/TryCompile-dpMlrQ'
Building C object CMakeFiles/cmTC_f76dd.dir/CheckSymbolExists.c.o
/usr/bin/cc   -D_GNU_SOURCE=1 -o CMakeFiles/cmTC_f76dd.dir/CheckSymbolExists.c.o -c /home/feng/Projects/myapp/build/CMakeFiles/CMakeScratch/TryCompile-dpMlrQ/CheckSymbolExists.c
Linking C executable cmTC_f76dd
/usr/bin/cmake -E cmake_link_script CMakeFiles/cmTC_f76dd.dir/link.txt --verbose=1
/usr/bin/cc   -D_GNU_SOURCE=1 CMakeFiles/cmTC_f76dd.dir/CheckSymbolExists.c.o -o cmTC_f76dd 
gmake[1]: Leaving directory '/home/feng/Projects/myapp/build/CMakeFiles/CMakeScratch/TryCompile-dpMlrQ'


File CheckSymbolExists.c:
/* */
#include <sys/mman.h>

int main(int argc, char** argv)
{
  (void)argv;
#ifndef memfd_create
  return ((int*)(&memfd_create))[argc];
#else
  (void)argc;
  return 0;
#endif
}
Determining if the posix_fallocate exist passed with the following output:
Change Dir: /home/feng/Projects/myapp/build/CMakeFiles/CMakeScratch/TryCompile-K4wY6P

Run Build Command(s):/usr/bin/gmake -f Makefile cmTC_91f45/fast && /usr/bin/gmake  -f CMakeFiles/cmTC_91f45.dir/build.make CMakeFiles/cmTC_91f45.dir/build
gmake[1]: Entering directory '/home/feng/Projects/myapp/build/CMakeFiles/CMakeScratch/TryCompile-K4wY6P'
Building C object CMakeFiles/cmTC_91f45.dir/CheckSymbolExists.c.o
/usr/bin/cc   -D_GNU_SOURCE=1 -o CMakeFiles/cmTC_91f45.dir/CheckSymbolExists.c.o -c /home/feng/Projects/myapp/build/CMakeFiles/CMakeScratch/TryCompile-K4wY6P/CheckSymbolExists.c
Linking C executable cmTC_91f45
/usr/bin/cmake -E cmake_link_script CMakeFiles/cmTC_91f45.dir/link.txt --verbose=1
/usr/bin/cc   -D_GNU_SOURCE=1 CMakeFiles/cmTC_91f45.dir/CheckSymbolExists.c.o -o cmTC_91f45 
gmake[1]: Leaving directory '/home/feng/Projects/myapp/build/CMakeFiles/CMakeScratch/TryCompile-K4wY6P'


File CheckSymbolExists.c:
/* */
#include <fcntl.h>

int main(int argc, char** argv)
{
  (void)argv;
#ifndef posix_fallocate
  return ((int*)(&posix_fallocate))[argc];
#else
  (void)argc;
  return 0;
#endif
}
Determining if the posix_spawn_file_actions_addchdir_np exist passed with the following output:
Change Dir: /home/feng/Projects/myapp/build/CMakeFiles/CMakeScratch/TryCompile-X3cb4Q

Run Build Command(s):/usr/bin/gmake -f Makefile cmTC_09d0c/fast && /usr/bin/gmake  -f CMakeFiles/cmTC_09d0c.dir/build.make CMakeFiles/cmTC_09d0c.dir/build
gmake[1]: Entering directory '/home/feng/Projects/myapp/build/CMakeFiles/CMakeScratch/TryCompile-X3cb4Q'
Building C object CMakeFiles/cmTC_09d0c.dir/CheckSymbolExists.c.o
/usr/bin/cc   -D_GNU_SOURCE=1 -o CMakeFiles/cmTC_09d0c.dir/CheckSymbolExists.c.o -c /home/feng/Projects/myapp/build/CMakeFiles/CMakeScratch/TryCompile-X3cb4Q/CheckSymbolExists.c
Linking C executable cmTC_09d0c
/usr/bin/cmake -E cmake_link_script CMakeFiles/cmTC_09d0c.dir/link.txt --verbose=1
/usr/bin/cc   -D_GNU_SOURCE=1 CMakeFiles/cmTC_09d0c.dir/CheckSymbolExists.c.o -o cmTC_09d0c 
gmake[1]: Leaving directory '/home/feng/Projects/myapp/build/CMakeFiles/CMakeScratch/TryCompile-X3cb4Q'


File CheckSymbolExists.c:
/* */
#include <spawn.h>

int main(int argc, char** argv)
{
  (void)argv;
#ifndef posix_spawn_file_actions_addchdir_np
  return ((int*)(&posix_spawn_file_actions_addchdir_np))[argc];
#else
  (void)argc;
  return 0;
#endif
}
Performing C SOURCE FILE Test ICONV_IN_LIBC succeeded with the following output:
Change Dir: /home/feng/Projects/myapp/build/CMakeFiles/CMakeScratch/TryCompile-XonOtD

Run Build Command(s):/usr/bin/gmake -f Makefile cmTC_87c9d/fast && /usr/bin/gmake  -f CMakeFiles/cmTC_87c9d.dir/build.make CMakeFiles/cmTC_87c9d.dir/build
gmake[1]: Entering directory '/home/feng/Projects/myapp/build/CMakeFiles/CMakeScratch/TryCompile-XonOtD'
Building C object CMakeFiles/cmTC_87c9d.dir/src.c.o
/usr/bin/cc -DICONV_IN_LIBC  -D_GNU_SOURCE=1 -o CMakeFiles/cmTC_87c9d.dir/src.c.o -c /home/feng/Projects/myapp/build/CMakeFiles/CMakeScratch/TryCompile-XonOtD/src.c
Linking C executable cmTC_87c9d
/usr/bin/cmake -E cmake_link_script CMakeFiles/cmTC_87c9d.dir/link.txt --verbose=1
/usr/bin/cc   -D_GNU_SOURCE=1 CMakeFiles/cmTC_87c9d.dir/src.c.o -o cmTC_87c9d 
gmake[1]: Leaving directory '/home/feng/Projects/myapp/build/CMakeFiles/CMakeScratch/TryCompile-XonOtD'


Source file was:

        #define LIBICONV_PLUG 1 /* in case libiconv header is in include path */
        #include <stddef.h>
        #include <iconv.h>
        int main(int argc, char **argv) {
            return !iconv_open(NULL,NULL);
        }

Performing C SOURCE FILE Test HAVE_SA_SIGACTION succeeded with the following output:
Change Dir: /home/feng/Projects/myapp/build/CMakeFiles/CMakeScratch/TryCompile-CbRT4d

Run Build Command(s):/usr/bin/gmake -f Makefile cmTC_e62ed/fast && /usr/bin/gmake  -f CMakeFiles/cmTC_e62ed.dir/build.make CMakeFiles/cmTC_e62ed.dir/build
gmake[1]: Entering directory '/home/feng/Projects/myapp/build/CMakeFiles/CMakeScratch/TryCompile-CbRT4d'
Building C object CMakeFiles/cmTC_e62ed.dir/src.c.o
/usr/bin/cc -DHAVE_SA_SIGACTION  -D_GNU_SOURCE=1 -o CMakeFiles/cmTC_e62ed.dir/src.c.o -c /home/feng/Projects/myapp/build/CMakeFiles/CMakeScratch/TryCompile-CbRT4d/src.c
Linking C executable cmTC_e62ed
/usr/bin/cmake -E cmake_link_script CMakeFiles/cmTC_e62ed.dir/link.txt --verbose=1
/usr/bin/cc   -D_GNU_SOURCE=1 CMakeFiles/cmTC_e62ed.dir/src.c.o -o cmTC_e62ed 
gmake[1]: Leaving directory '/home/feng/Projects/myapp/build/CMakeFiles/CMakeScratch/TryCompile-CbRT4d'


Source file was:

#include <signal.h>

int main()
{
  (void)sizeof(((struct sigaction *)0)->sa_sigaction);
  return 0;
}


Performing C SOURCE FILE Test HAVE_ST_MTIM succeeded with the following output:
Change Dir: /home/feng/Projects/myapp/build/CMakeFiles/CMakeScratch/TryCompile-CRhUXo

Run Build Command(s):/usr/bin/gmake -f Makefile cmTC_80e74/fast && /usr/bin/gmake  -f CMakeFiles/cmTC_80e74.dir/build.make CMakeFiles/cmTC_80e74.dir/build
gmake[1]: Entering directory '/home/feng/Projects/myapp/build/CMakeFiles/CMakeScratch/TryCompile-CRhUXo'
Building C object CMakeFiles/cmTC_80e74.dir/src.c.o
/usr/bin/cc -DHAVE_ST_MTIM  -D_GNU_SOURCE=1 -o CMakeFiles/cmTC_80e74.dir/src.c.o -c /home/feng/Projects/myapp/build/CMakeFiles/CMakeScratch/TryCompile-CRhUXo/src.c
Linking C executable cmTC_80e74
/usr/bin/cmake -E cmake_link_script CMakeFiles/cmTC_80e74.dir/link.txt --verbose=1
/usr/bin/cc   -D_GNU_SOURCE=1 CMakeFiles/cmTC_80e74.dir/src.c.o -o cmTC_80e74 
gmake[1]: Leaving directory '/home/feng/Projects/myapp/build/CMakeFiles/CMakeScratch/TryCompile-CRhUXo'


Source file was:

#include <sys/stat.h>

int main()
{
  (void)sizeof(((struct stat *)0)->st_mtim);
  return 0;
}


Determining if the dlopen exist passed with the following output:
Change Dir: /home/feng/Projects/myapp/build/CMakeFiles/CMakeScratch/TryCompile-bZM3Ap

Run Build Command(s):/usr/bin/gmake -f Makefile cmTC_27270/fast && /usr/bin/gmake  -f CMakeFiles/cmTC_27270.dir/build.make CMakeFiles/cmTC_27270.dir/build
gmake[1]: Entering directory '/home/feng/Projects/myapp/build/CMakeFiles/CMakeScratch/TryCompile-bZM3Ap'
Building C object CMakeFiles/cmTC_27270.dir/CheckSymbolExists.c.o
/usr/bin/cc   -D_GNU_SOURCE=1 -o CMakeFiles/cmTC_27270.dir/CheckSymbolExists.c.o -c /home/feng/Projects/myapp/build/CMakeFiles/CMakeScratch/TryCompile-bZM3Ap/CheckSymbolExists.c
Linking C executable cmTC_27270
/usr/bin/cmake -E cmake_link_script CMakeFiles/cmTC_27270.dir/link.txt --verbose=1
/usr/bin/cc   -D_GNU_SOURCE=1 CMakeFiles/cmTC_27270.dir/CheckSymbolExists.c.o -o cmTC_27270 
gmake[1]: Leaving directory '/home/feng/Projects/myapp/build/CMakeFiles/CMakeScratch/TryCompile-bZM3Ap'


File CheckSymbolExists.c:
/* */
#include <dlfcn.h>

int main(int argc, char** argv)
{
  (void)argv;
#ifndef dlopen
  return ((int*)(&dlopen))[argc];
#else
  (void)argc;
  return 0;
#endif
}
Performing C SOURCE FILE Test HAVE_O_CLOEXEC succeeded with the following output:
Change Dir: /home/feng/Projects/myapp/build/CMakeFiles/CMakeScratch/TryCompile-vGZkpP

Run Build Command(s):/usr/bin/gmake -f Makefile cmTC_8ce2e/fast && /usr/bin/gmake  -f CMakeFiles/cmTC_8ce2e.dir/build.make CMakeFiles/cmTC_8ce2e.dir/build
gmake[1]: Entering directory '/home/feng/Projects/myapp/build/CMakeFiles/CMakeScratch/TryCompile-vGZkpP'
Building C object CMakeFiles/cmTC_8ce2e.dir/src.c.o
/usr/bin/cc -DHAVE_O_CLOEXEC  -D_GNU_SOURCE=1 -o CMakeFiles/cmTC_8ce2e.dir/src.c.o -c /home/feng/Projects/myapp/build/CMakeFiles/CMakeScratch/TryCompile-vGZkpP/src.c
Linking C executable cmTC_8ce2e
/usr/bin/cmake -E cmake_link_script CMakeFiles/cmTC_8ce2e.dir/link.txt --verbose=1
/usr/bin/cc   -D_GNU_SOURCE=1 CMakeFiles/cmTC_8ce2e.dir/src.c.o -o cmTC_8ce2e 
gmake[1]: Leaving directory '/home/feng/Projects/myapp/build/CMakeFiles/CMakeScratch/TryCompile-vGZkpP'


Source file was:

    #include <fcntl.h>
    int flag = O_CLOEXEC;
    int main(int argc, char **argv) { return 0; }

Performing C SOURCE FILE Test COMPILER_SUPPORTS_ELFNOTES succeeded with the following output:
Change Dir: /home/feng/Projects/myapp/build/CMakeFiles/CMakeScratch/TryCompile-rUvELy

Run Build Command(s):/usr/bin/gmake -f Makefile cmTC_ab942/fast && /usr/bin/gmake  -f CMakeFiles/cmTC_ab942.dir/build.make CMakeFiles/cmTC_ab942.dir/build
gmake[1]: Entering directory '/home/feng/Projects/myapp/build/CMakeFiles/CMakeScratch/TryCompile-rUvELy'
Building C object CMakeFiles/cmTC_ab942.dir/src.c.o
/usr/bin/cc -DCOMPILER_SUPPORTS_ELFNOTES  -D_GNU_SOURCE=1 -o CMakeFiles/cmTC_ab942.dir/src.c.o -c /home/feng/Projects/myapp/build/CMakeFiles/CMakeScratch/TryCompile-rUvELy/src.c
Linking C executable cmTC_ab942
/usr/bin/cmake -E cmake_link_script CMakeFiles/cmTC_ab942.dir/link.txt --verbose=1
/usr/bin/cc   -D_GNU_SOURCE=1 CMakeFiles/cmTC_ab942.dir/src.c.o -o cmTC_ab942 
gmake[1]: Leaving directory '/home/feng/Projects/myapp/build/CMakeFiles/CMakeScratch/TryCompile-rUvELy'


Source file was:
    #ifndef __ELF__
      ELF DL notes is only supported on ELF platforms
    #endif
    __attribute__ ((used,aligned(4),section(".note.dlopen"))) static const struct {
      struct { int a; int b; int c; } hdr; char name[4]; __attribute__((aligned(4))) char json[24];
    } dlnote = { { 4, 0x407c0c0aU, 16 }, "FDO", "[\"a\":{\"a\":\"1\",\"b\":\"2\"}]" };
    int main(int argc, char *argv[]) {
      return argc + dlnote.hdr.a;
    }
    

Determining if the function XOpenDisplay exists in the /usr/lib/x86_64-linux-gnu/libX11.so;/usr/lib/x86_64-linux-gnu/libXext.so passed with the following output:
Change Dir: /home/feng/Projects/myapp/build/CMakeFiles/CMakeScratch/TryCompile-FZyARS

Run Build Command(s):/usr/bin/gmake -f Makefile cmTC_811ea/fast && /usr/bin/gmake  -f CMakeFiles/cmTC_811ea.dir/build.make CMakeFiles/cmTC_811ea.dir/build
gmake[1]: Entering directory '/home/feng/Projects/myapp/build/CMakeFiles/CMakeScratch/TryCompile-FZyARS'
Building C object CMakeFiles/cmTC_811ea.dir/CheckFunctionExists.c.o
/usr/bin/cc   -DCHECK_FUNCTION_EXISTS=XOpenDisplay  -D_GNU_SOURCE=1 -o CMakeFiles/cmTC_811ea.dir/CheckFunctionExists.c.o -c /home/feng/Projects/myapp/build/CMakeFiles/CMakeScratch/TryCompile-FZyARS/CheckFunctionExists.c
Linking C executable cmTC_811ea
/usr/bin/cmake -E cmake_link_script CMakeFiles/cmTC_811ea.dir/link.txt --verbose=1
/usr/bin/cc  -DCHECK_FUNCTION_EXISTS=XOpenDisplay  -D_GNU_SOURCE=1 CMakeFiles/cmTC_811ea.dir/CheckFunctionExists.c.o -o cmTC_811ea  /usr/lib/x86_64-linux-gnu/libX11.so /usr/lib/x86_64-linux-gnu/libXext.so 
gmake[1]: Leaving directory '/home/feng/Projects/myapp/build/CMakeFiles/CMakeScratch/TryCompile-FZyARS'



Determining if the function gethostbyname exists passed with the following output:
Change Dir: /home/feng/Projects/myapp/build/CMakeFiles/CMakeScratch/TryCompile-8K4NPO

Run Build Command(s):/usr/bin/gmake -f Makefile cmTC_1b285/fast && /usr/bin/gmake  -f CMakeFiles/cmTC_1b285.dir/build.make CMakeFiles/cmTC_1b285.dir/build
gmake[1]: Entering directory '/home/feng/Projects/myapp/build/CMakeFiles/CMakeScratch/TryCompile-8K4NPO'
Building C object CMakeFiles/cmTC_1b285.dir/CheckFunctionExists.c.o
/usr/bin/cc   -DCHECK_FUNCTION_EXISTS=gethostbyname  -D_GNU_SOURCE=1 -o CMakeFiles/cmTC_1b285.dir/CheckFunctionExists.c.o -c /home/feng/Projects/myapp/build/CMakeFiles/CMakeScratch/TryCompile-8K4NPO/CheckFunctionExists.c
Linking C executable cmTC_1b285
/usr/bin/cmake -E cmake_link_script CMakeFiles/cmTC_1b285.dir/link.txt --verbose=1
/usr/bin/cc  -DCHECK_FUNCTION_EXISTS=gethostbyname  -D_GNU_SOURCE=1 CMakeFiles/cmTC_1b285.dir/CheckFunctionExists.c.o -o cmTC_1b285 
gmake[1]: Leaving directory '/home/feng/Projects/myapp/build/CMakeFiles/CMakeScratch/TryCompile-8K4NPO'



Determining if the function connect exists passed with the following output:
Change Dir: /home/feng/Projects/myapp/build/CMakeFiles/CMakeScratch/TryCompile-qjY4rE

Run Build Command(s):/usr/bin/gmake -f Makefile cmTC_e1ffe/fast && /usr/bin/gmake  -f CMakeFiles/cmTC_e1ffe.dir/build.make CMakeFiles/cmTC_e1ffe.dir/build
gmake[1]: Entering directory '/home/feng/Projects/myapp/build/CMakeFiles/CMakeScratch/TryCompile-qjY4rE'
Building C object CMakeFiles/cmTC_e1ffe.dir/CheckFunctionExists.c.o
/usr/bin/cc   -DCHECK_FUNCTION_EXISTS=connect  -D_GNU_SOURCE=1 -o CMakeFiles/cmTC_e1ffe.dir/CheckFunctionExists.c.o -c /home/feng/Projects/myapp/build/CMakeFiles/CMakeScratch/TryCompile-qjY4rE/CheckFunctionExists.c
Linking C executable cmTC_e1ffe
/usr/bin/cmake -E cmake_link_script CMakeFiles/cmTC_e1ffe.dir/link.txt --verbose=1
/usr/bin/cc  -DCHECK_FUNCTION_EXISTS=connect  -D_GNU_SOURCE=1 CMakeFiles/cmTC_e1ffe.dir/CheckFunctionExists.c.o -o cmTC_e1ffe 
gmake[1]: Leaving directory '/home/feng/Projects/myapp/build/CMakeFiles/CMakeScratch/TryCompile-qjY4rE'



Determining if the function remove exists passed with the following output:
Change Dir: /home/feng/Projects/myapp/build/CMakeFiles/CMakeScratch/TryCompile-7T1Pq3

Run Build Command(s):/usr/bin/gmake -f Makefile cmTC_f6102/fast && /usr/bin/gmake  -f CMakeFiles/cmTC_f6102.dir/build.make CMakeFiles/cmTC_f6102.dir/build
gmake[1]: Entering directory '/home/feng/Projects/myapp/build/CMakeFiles/CMakeScratch/TryCompile-7T1Pq3'
Building C object CMakeFiles/cmTC_f6102.dir/CheckFunctionExists.c.o
/usr/bin/cc   -DCHECK_FUNCTION_EXISTS=remove  -D_GNU_SOURCE=1 -o CMakeFiles/cmTC_f6102.dir/CheckFunctionExists.c.o -c /home/feng/Projects/myapp/build/CMakeFiles/CMakeScratch/TryCompile-7T1Pq3/CheckFunctionExists.c
Linking C executable cmTC_f6102
/usr/bin/cmake -E cmake_link_script CMakeFiles/cmTC_f6102.dir/link.txt --verbose=1
/usr/bin/cc  -DCHECK_FUNCTION_EXISTS=remove  -D_GNU_SOURCE=1 CMakeFiles/cmTC_f6102.dir/CheckFunctionExists.c.o -o cmTC_f6102 
gmake[1]: Leaving directory '/home/feng/Projects/myapp/build/CMakeFiles/CMakeScratch/TryCompile-7T1Pq3'



Determining if the function shmat exists passed with the following output:
Change Dir: /home/feng/Projects/myapp/build/CMakeFiles/CMakeScratch/TryCompile-OeD91r

Run Build Command(s):/usr/bin/gmake -f Makefile cmTC_36706/fast && /usr/bin/gmake  -f CMakeFiles/cmTC_36706.dir/build.make CMakeFiles/cmTC_36706.dir/build
gmake[1]: Entering directory '/home/feng/Projects/myapp/build/CMakeFiles/CMakeScratch/TryCompile-OeD91r'
Building C object CMakeFiles/cmTC_36706.dir/CheckFunctionExists.c.o
/usr/bin/cc   -DCHECK_FUNCTION_EXISTS=shmat  -D_GNU_SOURCE=1 -o CMakeFiles/cmTC_36706.dir/CheckFunctionExists.c.o -c /home/feng/Projects/myapp/build/CMakeFiles/CMakeScratch/TryCompile-OeD91r/CheckFunctionExists.c
Linking C executable cmTC_36706
/usr/bin/cmake -E cmake_link_script CMakeFiles/cmTC_36706.dir/link.txt --verbose=1
/usr/bin/cc  -DCHECK_FUNCTION_EXISTS=shmat  -D_GNU_SOURCE=1 CMakeFiles/cmTC_36706.dir/CheckFunctionExists.c.o -o cmTC_36706 
gmake[1]: Leaving directory '/home/feng/Projects/myapp/build/CMakeFiles/CMakeScratch/TryCompile-OeD91r'



Determining if the function IceConnectionNumber exists in the ICE passed with the following output:
Change Dir: /home/feng/Projects/myapp/build/CMakeFiles/CMakeScratch/TryCompile-w666cB

Run Build Command(s):/usr/bin/gmake -f Makefile cmTC_6e66d/fast && /usr/bin/gmake  -f CMakeFiles/cmTC_6e66d.dir/build.make CMakeFiles/cmTC_6e66d.dir/build
gmake[1]: Entering directory '/home/feng/Projects/myapp/build/CMakeFiles/CMakeScratch/TryCompile-w666cB'
Building C object CMakeFiles/cmTC_6e66d.dir/CheckFunctionExists.c.o
/usr/bin/cc   -DCHECK_FUNCTION_EXISTS=IceConnectionNumber  -D_GNU_SOURCE=1 -o CMakeFiles/cmTC_6e66d.dir/CheckFunctionExists.c.o -c /home/feng/Projects/myapp/build/CMakeFiles/CMakeScratch/TryCompile-w666cB/CheckFunctionExists.c
Linking C executable cmTC_6e66d
/usr/bin/cmake -E cmake_link_script CMakeFiles/cmTC_6e66d.dir/link.txt --verbose=1
/usr/bin/cc  -DCHECK_FUNCTION_EXISTS=IceConnectionNumber  -D_GNU_SOURCE=1 CMakeFiles/cmTC_6e66d.dir/CheckFunctionExists.c.o -o cmTC_6e66d  -lICE 
gmake[1]: Leaving directory '/home/feng/Projects/myapp/build/CMakeFiles/CMakeScratch/TryCompile-w666cB'



Determining if the shmat exist passed with the following output:
Change Dir: /home/feng/Projects/myapp/build/CMakeFiles/CMakeScratch/TryCompile-xHrupv

Run Build Command(s):/usr/bin/gmake -f Makefile cmTC_5abd3/fast && /usr/bin/gmake  -f CMakeFiles/cmTC_5abd3.dir/build.make CMakeFiles/cmTC_5abd3.dir/build
gmake[1]: Entering directory '/home/feng/Projects/myapp/build/CMakeFiles/CMakeScratch/TryCompile-xHrupv'
Building C object CMakeFiles/cmTC_5abd3.dir/CheckSymbolExists.c.o
/usr/bin/cc   -D_GNU_SOURCE=1 -o CMakeFiles/cmTC_5abd3.dir/CheckSymbolExists.c.o -c /home/feng/Projects/myapp/build/CMakeFiles/CMakeScratch/TryCompile-xHrupv/CheckSymbolExists.c
Linking C executable cmTC_5abd3
/usr/bin/cmake -E cmake_link_script CMakeFiles/cmTC_5abd3.dir/link.txt --verbose=1
/usr/bin/cc   -D_GNU_SOURCE=1 CMakeFiles/cmTC_5abd3.dir/CheckSymbolExists.c.o -o cmTC_5abd3 
gmake[1]: Leaving directory '/home/feng/Projects/myapp/build/CMakeFiles/CMakeScratch/TryCompile-xHrupv'


File CheckSymbolExists.c:
/* */
#include <sys/shm.h>

int main(int argc, char** argv)
{
  (void)argv;
#ifndef shmat
  return ((int*)(&shmat))[argc];
#else
  (void)argc;
  return 0;
#endif
}
Performing C SOURCE FILE Test HAVE_XGENERICEVENT succeeded with the following output:
Change Dir: /home/feng/Projects/myapp/build/CMakeFiles/CMakeScratch/TryCompile-UIjeuP

Run Build Command(s):/usr/bin/gmake -f Makefile cmTC_771b5/fast && /usr/bin/gmake  -f CMakeFiles/cmTC_771b5.dir/build.make CMakeFiles/cmTC_771b5.dir/build
gmake[1]: Entering directory '/home/feng/Projects/myapp/build/CMakeFiles/CMakeScratch/TryCompile-UIjeuP'
Building C object CMakeFiles/cmTC_771b5.dir/src.c.o
/usr/bin/cc -DHAVE_XGENERICEVENT  -D_GNU_SOURCE=1 -o CMakeFiles/cmTC_771b5.dir/src.c.o -c /home/feng/Projects/myapp/build/CMakeFiles/CMakeScratch/TryCompile-UIjeuP/src.c
Linking C static library libcmTC_771b5.a
/usr/bin/cmake -P CMakeFiles/cmTC_771b5.dir/cmake_clean_target.cmake
/usr/bin/cmake -E cmake_link_script CMakeFiles/cmTC_771b5.dir/link.txt --verbose=1
/usr/bin/ar qc libcmTC_771b5.a CMakeFiles/cmTC_771b5.dir/src.c.o
/usr/bin/ranlib libcmTC_771b5.a
gmake[1]: Leaving directory '/home/feng/Projects/myapp/build/CMakeFiles/CMakeScratch/TryCompile-UIjeuP'


Source file was:

          #include <X11/Xlib.h>
          int main(int argc, char **argv) {
            Display *display;
            XEvent event;
            XGenericEventCookie *cookie = &event.xcookie;
            XNextEvent(display, &event);
            XGetEventData(display, cookie);
            XFreeEventData(display, cookie);
            return 0; }

Determining if the include file X11/XKBlib.h exists passed with the following output:
Change Dir: /home/feng/Projects/myapp/build/CMakeFiles/CMakeScratch/TryCompile-UiWsPC

Run Build Command(s):/usr/bin/gmake -f Makefile cmTC_5d970/fast && /usr/bin/gmake  -f CMakeFiles/cmTC_5d970.dir/build.make CMakeFiles/cmTC_5d970.dir/build
gmake[1]: Entering directory '/home/feng/Projects/myapp/build/CMakeFiles/CMakeScratch/TryCompile-UiWsPC'
Building C object CMakeFiles/cmTC_5d970.dir/CheckIncludeFile.c.o
/usr/bin/cc   -D_GNU_SOURCE=1 -o CMakeFiles/cmTC_5d970.dir/CheckIncludeFile.c.o -c /home/feng/Projects/myapp/build/CMakeFiles/CMakeScratch/TryCompile-UiWsPC/CheckIncludeFile.c
Linking C executable cmTC_5d970
/usr/bin/cmake -E cmake_link_script CMakeFiles/cmTC_5d970.dir/link.txt --verbose=1
/usr/bin/cc   -D_GNU_SOURCE=1 CMakeFiles/cmTC_5d970.dir/CheckIncludeFile.c.o -o cmTC_5d970  /usr/lib/x86_64-linux-gnu/libX11.so 
gmake[1]: Leaving directory '/home/feng/Projects/myapp/build/CMakeFiles/CMakeScratch/TryCompile-UiWsPC'



Performing C SOURCE FILE Test HAVE_XINPUT2_SCROLLINFO succeeded with the following output:
Change Dir: /home/feng/Projects/myapp/build/CMakeFiles/CMakeScratch/TryCompile-2aPSJR

Run Build Command(s):/usr/bin/gmake -f Makefile cmTC_a1de7/fast && /usr/bin/gmake  -f CMakeFiles/cmTC_a1de7.dir/build.make CMakeFiles/cmTC_a1de7.dir/build
gmake[1]: Entering directory '/home/feng/Projects/myapp/build/CMakeFiles/CMakeScratch/TryCompile-2aPSJR'
Building C object CMakeFiles/cmTC_a1de7.dir/src.c.o
/usr/bin/cc -DHAVE_XINPUT2_SCROLLINFO  -D_GNU_SOURCE=1 -o CMakeFiles/cmTC_a1de7.dir/src.c.o -c /home/feng/Projects/myapp/build/CMakeFiles/CMakeScratch/TryCompile-2aPSJR/src.c
Linking C executable cmTC_a1de7
/usr/bin/cmake -E cmake_link_script CMakeFiles/cmTC_a1de7.dir/link.txt --verbose=1
/usr/bin/cc   -D_GNU_SOURCE=1 CMakeFiles/cmTC_a1de7.dir/src.c.o -o cmTC_a1de7  /usr/lib/x86_64-linux-gnu/libX11.so 
gmake[1]: Leaving directory '/home/feng/Projects/myapp/build/CMakeFiles/CMakeScratch/TryCompile-2aPSJR'


Source file was:

              #include <X11/Xlib.h>
              #include <X11/Xproto.h>
              #include <X11/extensions/XInput2.h>
              XIScrollClassInfo *s;
              int main(int argc, char **argv) {}

Performing C SOURCE FILE Test HAVE_XINPUT2_MULTITOUCH succeeded with the following output:
Change Dir: /home/feng/Projects/myapp/build/CMakeFiles/CMakeScratch/TryCompile-Gs2k3S

Run Build Command(s):/usr/bin/gmake -f Makefile cmTC_a50b2/fast && /usr/bin/gmake  -f CMakeFiles/cmTC_a50b2.dir/build.make CMakeFiles/cmTC_a50b2.dir/build
gmake[1]: Entering directory '/home/feng/Projects/myapp/build/CMakeFiles/CMakeScratch/TryCompile-Gs2k3S'
Building C object CMakeFiles/cmTC_a50b2.dir/src.c.o
/usr/bin/cc -DHAVE_XINPUT2_MULTITOUCH  -D_GNU_SOURCE=1 -o CMakeFiles/cmTC_a50b2.dir/src.c.o -c /home/feng/Projects/myapp/build/CMakeFiles/CMakeScratch/TryCompile-Gs2k3S/src.c
Linking C static library libcmTC_a50b2.a
/usr/bin/cmake -P CMakeFiles/cmTC_a50b2.dir/cmake_clean_target.cmake
/usr/bin/cmake -E cmake_link_script CMakeFiles/cmTC_a50b2.dir/link.txt --verbose=1
/usr/bin/ar qc libcmTC_a50b2.a CMakeFiles/cmTC_a50b2.dir/src.c.o
/usr/bin/ranlib libcmTC_a50b2.a
gmake[1]: Leaving directory '/home/feng/Projects/myapp/build/CMakeFiles/CMakeScratch/TryCompile-Gs2k3S'


Source file was:

              #include <X11/Xlib.h>
              #include <X11/Xproto.h>
              #include <X11/extensions/XInput2.h>
              int event_type = XI_TouchBegin;
              XITouchClassInfo *t;
              Status XIAllowTouchEvents(Display *a,int b,unsigned int c,Window d,int f) {
                return (Status)0;
              }
              int main(int argc, char **argv) { return 0; }

Performing C SOURCE FILE Test HAVE_XINPUT2_GESTURE succeeded with the following output:
Change Dir: /home/feng/Projects/myapp/build/CMakeFiles/CMakeScratch/TryCompile-gWBmna

Run Build Command(s):/usr/bin/gmake -f Makefile cmTC_e7452/fast && /usr/bin/gmake  -f CMakeFiles/cmTC_e7452.dir/build.make CMakeFiles/cmTC_e7452.dir/build
gmake[1]: Entering directory '/home/feng/Projects/myapp/build/CMakeFiles/CMakeScratch/TryCompile-gWBmna'
Building C object CMakeFiles/cmTC_e7452.dir/src.c.o
/usr/bin/cc -DHAVE_XINPUT2_GESTURE  -D_GNU_SOURCE=1 -o CMakeFiles/cmTC_e7452.dir/src.c.o -c /home/feng/Projects/myapp/build/CMakeFiles/CMakeScratch/TryCompile-gWBmna/src.c
Linking C executable cmTC_e7452
/usr/bin/cmake -E cmake_link_script CMakeFiles/cmTC_e7452.dir/link.txt --verbose=1
/usr/bin/cc   -D_GNU_SOURCE=1 CMakeFiles/cmTC_e7452.dir/src.c.o -o cmTC_e7452  /usr/lib/x86_64-linux-gnu/libX11.so 
gmake[1]: Leaving directory '/home/feng/Projects/myapp/build/CMakeFiles/CMakeScratch/TryCompile-gWBmna'


Source file was:

              #include <X11/Xlib.h>
              #include <X11/Xproto.h>
              #include <X11/extensions/XInput2.h>
              int event_type = XI_GesturePinchBegin;
              XIGesturePinchEvent *t;
              Status XIAllowTouchEvents(Display *a,int b,unsigned int c,Window d,int f) {
                return (Status)0;
              }
              int main(int argc, char **argv) { return 0; }

Performing C SOURCE FILE Test HAVE_XFIXES_H succeeded with the following output:
Change Dir: /home/feng/Projects/myapp/build/CMakeFiles/CMakeScratch/TryCompile-Xo4Jw0

Run Build Command(s):/usr/bin/gmake -f Makefile cmTC_6d1e0/fast && /usr/bin/gmake  -f CMakeFiles/cmTC_6d1e0.dir/build.make CMakeFiles/cmTC_6d1e0.dir/build
gmake[1]: Entering directory '/home/feng/Projects/myapp/build/CMakeFiles/CMakeScratch/TryCompile-Xo4Jw0'
Building C object CMakeFiles/cmTC_6d1e0.dir/src.c.o
/usr/bin/cc -DHAVE_XFIXES_H  -D_GNU_SOURCE=1 -o CMakeFiles/cmTC_6d1e0.dir/src.c.o -c /home/feng/Projects/myapp/build/CMakeFiles/CMakeScratch/TryCompile-Xo4Jw0/src.c
Linking C static library libcmTC_6d1e0.a
/usr/bin/cmake -P CMakeFiles/cmTC_6d1e0.dir/cmake_clean_target.cmake
/usr/bin/cmake -E cmake_link_script CMakeFiles/cmTC_6d1e0.dir/link.txt --verbose=1
/usr/bin/ar qc libcmTC_6d1e0.a CMakeFiles/cmTC_6d1e0.dir/src.c.o
/usr/bin/ranlib libcmTC_6d1e0.a
gmake[1]: Leaving directory '/home/feng/Projects/myapp/build/CMakeFiles/CMakeScratch/TryCompile-Xo4Jw0'


Source file was:

            #include <X11/Xlib.h>
            #include <X11/Xproto.h>
            #include <X11/extensions/XInput2.h>
            #include <X11/extensions/Xfixes.h>
            BarrierEventID b;
            int main(int argc, char **argv) { return 0; }

Performing C SOURCE FILE Test HAVE_OPENGL_EGL succeeded with the following output:
Change Dir: /home/feng/Projects/myapp/build/CMakeFiles/CMakeScratch/TryCompile-5zoYzQ

Run Build Command(s):/usr/bin/gmake -f Makefile cmTC_1e6b9/fast && /usr/bin/gmake  -f CMakeFiles/cmTC_1e6b9.dir/build.make CMakeFiles/cmTC_1e6b9.dir/build
gmake[1]: Entering directory '/home/feng/Projects/myapp/build/CMakeFiles/CMakeScratch/TryCompile-5zoYzQ'
Building C object CMakeFiles/cmTC_1e6b9.dir/src.c.o
/usr/bin/cc -DHAVE_OPENGL_EGL -I/home/feng/Projects/myapp/vendored/SDL/src/video/khronos -D_GNU_SOURCE=1 -o CMakeFiles/cmTC_1e6b9.dir/src.c.o -c /home/feng/Projects/myapp/build/CMakeFiles/CMakeScratch/TryCompile-5zoYzQ/src.c
Linking C executable cmTC_1e6b9
/usr/bin/cmake -E cmake_link_script CMakeFiles/cmTC_1e6b9.dir/link.txt --verbose=1
/usr/bin/cc   -D_GNU_SOURCE=1 CMakeFiles/cmTC_1e6b9.dir/src.c.o -o cmTC_1e6b9 
gmake[1]: Leaving directory '/home/feng/Projects/myapp/build/CMakeFiles/CMakeScratch/TryCompile-5zoYzQ'


Source file was:

        #define EGL_API_FB
        #define MESA_EGL_NO_X11_HEADERS
        #define EGL_NO_X11
        #include <EGL/egl.h>
        #include <EGL/eglext.h>
        int main (int argc, char** argv) { return 0; }

Performing C SOURCE FILE Test HAVE_OPENGL_GLX succeeded with the following output:
Change Dir: /home/feng/Projects/myapp/build/CMakeFiles/CMakeScratch/TryCompile-BomArZ

Run Build Command(s):/usr/bin/gmake -f Makefile cmTC_26153/fast && /usr/bin/gmake  -f CMakeFiles/cmTC_26153.dir/build.make CMakeFiles/cmTC_26153.dir/build
gmake[1]: Entering directory '/home/feng/Projects/myapp/build/CMakeFiles/CMakeScratch/TryCompile-BomArZ'
Building C object CMakeFiles/cmTC_26153.dir/src.c.o
/usr/bin/cc -DHAVE_OPENGL_GLX  -D_GNU_SOURCE=1 -o CMakeFiles/cmTC_26153.dir/src.c.o -c /home/feng/Projects/myapp/build/CMakeFiles/CMakeScratch/TryCompile-BomArZ/src.c
Linking C executable cmTC_26153
/usr/bin/cmake -E cmake_link_script CMakeFiles/cmTC_26153.dir/link.txt --verbose=1
/usr/bin/cc   -D_GNU_SOURCE=1 CMakeFiles/cmTC_26153.dir/src.c.o -o cmTC_26153 
gmake[1]: Leaving directory '/home/feng/Projects/myapp/build/CMakeFiles/CMakeScratch/TryCompile-BomArZ'


Source file was:

        #include <GL/glx.h>
        int main(int argc, char** argv) { return 0; }

Performing C SOURCE FILE Test HAVE_OPENGL succeeded with the following output:
Change Dir: /home/feng/Projects/myapp/build/CMakeFiles/CMakeScratch/TryCompile-e5hKMy

Run Build Command(s):/usr/bin/gmake -f Makefile cmTC_381f3/fast && /usr/bin/gmake  -f CMakeFiles/cmTC_381f3.dir/build.make CMakeFiles/cmTC_381f3.dir/build
gmake[1]: Entering directory '/home/feng/Projects/myapp/build/CMakeFiles/CMakeScratch/TryCompile-e5hKMy'
Building C object CMakeFiles/cmTC_381f3.dir/src.c.o
/usr/bin/cc -DHAVE_OPENGL  -D_GNU_SOURCE=1 -o CMakeFiles/cmTC_381f3.dir/src.c.o -c /home/feng/Projects/myapp/build/CMakeFiles/CMakeScratch/TryCompile-e5hKMy/src.c
Linking C executable cmTC_381f3
/usr/bin/cmake -E cmake_link_script CMakeFiles/cmTC_381f3.dir/link.txt --verbose=1
/usr/bin/cc   -D_GNU_SOURCE=1 CMakeFiles/cmTC_381f3.dir/src.c.o -o cmTC_381f3 
gmake[1]: Leaving directory '/home/feng/Projects/myapp/build/CMakeFiles/CMakeScratch/TryCompile-e5hKMy'


Source file was:

        #include <GL/gl.h>
        #include <GL/glext.h>
        int main(int argc, char** argv) { return 0; }

Performing C SOURCE FILE Test HAVE_OPENGLES_V1 succeeded with the following output:
Change Dir: /home/feng/Projects/myapp/build/CMakeFiles/CMakeScratch/TryCompile-n5WFUT

Run Build Command(s):/usr/bin/gmake -f Makefile cmTC_b6d03/fast && /usr/bin/gmake  -f CMakeFiles/cmTC_b6d03.dir/build.make CMakeFiles/cmTC_b6d03.dir/build
gmake[1]: Entering directory '/home/feng/Projects/myapp/build/CMakeFiles/CMakeScratch/TryCompile-n5WFUT'
Building C object CMakeFiles/cmTC_b6d03.dir/src.c.o
/usr/bin/cc -DHAVE_OPENGLES_V1 -I/home/feng/Projects/myapp/vendored/SDL/src/video/khronos -D_GNU_SOURCE=1 -o CMakeFiles/cmTC_b6d03.dir/src.c.o -c /home/feng/Projects/myapp/build/CMakeFiles/CMakeScratch/TryCompile-n5WFUT/src.c
Linking C executable cmTC_b6d03
/usr/bin/cmake -E cmake_link_script CMakeFiles/cmTC_b6d03.dir/link.txt --verbose=1
/usr/bin/cc   -D_GNU_SOURCE=1 CMakeFiles/cmTC_b6d03.dir/src.c.o -o cmTC_b6d03 
gmake[1]: Leaving directory '/home/feng/Projects/myapp/build/CMakeFiles/CMakeScratch/TryCompile-n5WFUT'


Source file was:

        #include <GLES/gl.h>
        #include <GLES/glext.h>
        int main (int argc, char** argv) { return 0; }

Performing C SOURCE FILE Test HAVE_OPENGLES_V2 succeeded with the following output:
Change Dir: /home/feng/Projects/myapp/build/CMakeFiles/CMakeScratch/TryCompile-YVMrFt

Run Build Command(s):/usr/bin/gmake -f Makefile cmTC_ba7a7/fast && /usr/bin/gmake  -f CMakeFiles/cmTC_ba7a7.dir/build.make CMakeFiles/cmTC_ba7a7.dir/build
gmake[1]: Entering directory '/home/feng/Projects/myapp/build/CMakeFiles/CMakeScratch/TryCompile-YVMrFt'
Building C object CMakeFiles/cmTC_ba7a7.dir/src.c.o
/usr/bin/cc -DHAVE_OPENGLES_V2 -I/home/feng/Projects/myapp/vendored/SDL/src/video/khronos -D_GNU_SOURCE=1 -o CMakeFiles/cmTC_ba7a7.dir/src.c.o -c /home/feng/Projects/myapp/build/CMakeFiles/CMakeScratch/TryCompile-YVMrFt/src.c
Linking C executable cmTC_ba7a7
/usr/bin/cmake -E cmake_link_script CMakeFiles/cmTC_ba7a7.dir/link.txt --verbose=1
/usr/bin/cc   -D_GNU_SOURCE=1 CMakeFiles/cmTC_ba7a7.dir/src.c.o -o cmTC_ba7a7 
gmake[1]: Leaving directory '/home/feng/Projects/myapp/build/CMakeFiles/CMakeScratch/TryCompile-YVMrFt'


Source file was:

      #include <GLES2/gl2.h>
      #include <GLES2/gl2ext.h>
      int main (int argc, char** argv) { return 0; }

Performing C SOURCE FILE Test HAVE_LINUX_INPUT_H succeeded with the following output:
Change Dir: /home/feng/Projects/myapp/build/CMakeFiles/CMakeScratch/TryCompile-xfHA57

Run Build Command(s):/usr/bin/gmake -f Makefile cmTC_4c9db/fast && /usr/bin/gmake  -f CMakeFiles/cmTC_4c9db.dir/build.make CMakeFiles/cmTC_4c9db.dir/build
gmake[1]: Entering directory '/home/feng/Projects/myapp/build/CMakeFiles/CMakeScratch/TryCompile-xfHA57'
Building C object CMakeFiles/cmTC_4c9db.dir/src.c.o
/usr/bin/cc -DHAVE_LINUX_INPUT_H  -D_GNU_SOURCE=1 -o CMakeFiles/cmTC_4c9db.dir/src.c.o -c /home/feng/Projects/myapp/build/CMakeFiles/CMakeScratch/TryCompile-xfHA57/src.c
Linking C executable cmTC_4c9db
/usr/bin/cmake -E cmake_link_script CMakeFiles/cmTC_4c9db.dir/link.txt --verbose=1
/usr/bin/cc   -D_GNU_SOURCE=1 CMakeFiles/cmTC_4c9db.dir/src.c.o -o cmTC_4c9db 
gmake[1]: Leaving directory '/home/feng/Projects/myapp/build/CMakeFiles/CMakeScratch/TryCompile-xfHA57'


Source file was:

        #include <linux/input.h>
        #ifndef EVIOCGNAME
        #error EVIOCGNAME() ioctl not available
        #endif
        int main(int argc, char** argv) { return 0; }

Performing C SOURCE FILE Test HAVE_INPUT_KD succeeded with the following output:
Change Dir: /home/feng/Projects/myapp/build/CMakeFiles/CMakeScratch/TryCompile-A9OWHJ

Run Build Command(s):/usr/bin/gmake -f Makefile cmTC_fa938/fast && /usr/bin/gmake  -f CMakeFiles/cmTC_fa938.dir/build.make CMakeFiles/cmTC_fa938.dir/build
gmake[1]: Entering directory '/home/feng/Projects/myapp/build/CMakeFiles/CMakeScratch/TryCompile-A9OWHJ'
Building C object CMakeFiles/cmTC_fa938.dir/src.c.o
/usr/bin/cc -DHAVE_INPUT_KD  -D_GNU_SOURCE=1 -o CMakeFiles/cmTC_fa938.dir/src.c.o -c /home/feng/Projects/myapp/build/CMakeFiles/CMakeScratch/TryCompile-A9OWHJ/src.c
Linking C executable cmTC_fa938
/usr/bin/cmake -E cmake_link_script CMakeFiles/cmTC_fa938.dir/link.txt --verbose=1
/usr/bin/cc   -D_GNU_SOURCE=1 CMakeFiles/cmTC_fa938.dir/src.c.o -o cmTC_fa938 
gmake[1]: Leaving directory '/home/feng/Projects/myapp/build/CMakeFiles/CMakeScratch/TryCompile-A9OWHJ'


Source file was:

          #include <linux/kd.h>
          #include <linux/keyboard.h>
          #include <sys/ioctl.h>
          int main(int argc, char **argv) {
              struct kbentry kbe;
              kbe.kb_table = KG_CTRL;
              ioctl(0, KDGKBENT, &kbe);
              return 0;
          }

Performing C SOURCE FILE Test HAVE_LINUX_VIDEODEV2_H succeeded with the following output:
Change Dir: /home/feng/Projects/myapp/build/CMakeFiles/CMakeScratch/TryCompile-OwPdp6

Run Build Command(s):/usr/bin/gmake -f Makefile cmTC_3be1f/fast && /usr/bin/gmake  -f CMakeFiles/cmTC_3be1f.dir/build.make CMakeFiles/cmTC_3be1f.dir/build
gmake[1]: Entering directory '/home/feng/Projects/myapp/build/CMakeFiles/CMakeScratch/TryCompile-OwPdp6'
Building C object CMakeFiles/cmTC_3be1f.dir/src.c.o
/usr/bin/cc -DHAVE_LINUX_VIDEODEV2_H  -D_GNU_SOURCE=1 -o CMakeFiles/cmTC_3be1f.dir/src.c.o -c /home/feng/Projects/myapp/build/CMakeFiles/CMakeScratch/TryCompile-OwPdp6/src.c
Linking C executable cmTC_3be1f
/usr/bin/cmake -E cmake_link_script CMakeFiles/cmTC_3be1f.dir/link.txt --verbose=1
/usr/bin/cc   -D_GNU_SOURCE=1 CMakeFiles/cmTC_3be1f.dir/src.c.o -o cmTC_3be1f 
gmake[1]: Leaving directory '/home/feng/Projects/myapp/build/CMakeFiles/CMakeScratch/TryCompile-OwPdp6'


Source file was:

          #include <linux/videodev2.h>
          int main(int argc, char** argv) { return 0; }

Determining if the include file sys/inotify.h exists passed with the following output:
Change Dir: /home/feng/Projects/myapp/build/CMakeFiles/CMakeScratch/TryCompile-c6kygr

Run Build Command(s):/usr/bin/gmake -f Makefile cmTC_89b0a/fast && /usr/bin/gmake  -f CMakeFiles/cmTC_89b0a.dir/build.make CMakeFiles/cmTC_89b0a.dir/build
gmake[1]: Entering directory '/home/feng/Projects/myapp/build/CMakeFiles/CMakeScratch/TryCompile-c6kygr'
Building C object CMakeFiles/cmTC_89b0a.dir/CheckIncludeFile.c.o
/usr/bin/cc   -D_GNU_SOURCE=1 -o CMakeFiles/cmTC_89b0a.dir/CheckIncludeFile.c.o -c /home/feng/Projects/myapp/build/CMakeFiles/CMakeScratch/TryCompile-c6kygr/CheckIncludeFile.c
Linking C executable cmTC_89b0a
/usr/bin/cmake -E cmake_link_script CMakeFiles/cmTC_89b0a.dir/link.txt --verbose=1
/usr/bin/cc   -D_GNU_SOURCE=1 CMakeFiles/cmTC_89b0a.dir/CheckIncludeFile.c.o -o cmTC_89b0a 
gmake[1]: Leaving directory '/home/feng/Projects/myapp/build/CMakeFiles/CMakeScratch/TryCompile-c6kygr'



Determining if the inotify_init exist passed with the following output:
Change Dir: /home/feng/Projects/myapp/build/CMakeFiles/CMakeScratch/TryCompile-jcybzW

Run Build Command(s):/usr/bin/gmake -f Makefile cmTC_cfb7c/fast && /usr/bin/gmake  -f CMakeFiles/cmTC_cfb7c.dir/build.make CMakeFiles/cmTC_cfb7c.dir/build
gmake[1]: Entering directory '/home/feng/Projects/myapp/build/CMakeFiles/CMakeScratch/TryCompile-jcybzW'
Building C object CMakeFiles/cmTC_cfb7c.dir/CheckSymbolExists.c.o
/usr/bin/cc   -D_GNU_SOURCE=1 -o CMakeFiles/cmTC_cfb7c.dir/CheckSymbolExists.c.o -c /home/feng/Projects/myapp/build/CMakeFiles/CMakeScratch/TryCompile-jcybzW/CheckSymbolExists.c
Linking C executable cmTC_cfb7c
/usr/bin/cmake -E cmake_link_script CMakeFiles/cmTC_cfb7c.dir/link.txt --verbose=1
/usr/bin/cc   -D_GNU_SOURCE=1 CMakeFiles/cmTC_cfb7c.dir/CheckSymbolExists.c.o -o cmTC_cfb7c 
gmake[1]: Leaving directory '/home/feng/Projects/myapp/build/CMakeFiles/CMakeScratch/TryCompile-jcybzW'


File CheckSymbolExists.c:
/* */
#include <sys/inotify.h>

int main(int argc, char** argv)
{
  (void)argv;
#ifndef inotify_init
  return ((int*)(&inotify_init))[argc];
#else
  (void)argc;
  return 0;
#endif
}
Determining if the inotify_init1 exist passed with the following output:
Change Dir: /home/feng/Projects/myapp/build/CMakeFiles/CMakeScratch/TryCompile-9IK50O

Run Build Command(s):/usr/bin/gmake -f Makefile cmTC_b5da6/fast && /usr/bin/gmake  -f CMakeFiles/cmTC_b5da6.dir/build.make CMakeFiles/cmTC_b5da6.dir/build
gmake[1]: Entering directory '/home/feng/Projects/myapp/build/CMakeFiles/CMakeScratch/TryCompile-9IK50O'
Building C object CMakeFiles/cmTC_b5da6.dir/CheckSymbolExists.c.o
/usr/bin/cc   -D_GNU_SOURCE=1 -o CMakeFiles/cmTC_b5da6.dir/CheckSymbolExists.c.o -c /home/feng/Projects/myapp/build/CMakeFiles/CMakeScratch/TryCompile-9IK50O/CheckSymbolExists.c
Linking C executable cmTC_b5da6
/usr/bin/cmake -E cmake_link_script CMakeFiles/cmTC_b5da6.dir/link.txt --verbose=1
/usr/bin/cc   -D_GNU_SOURCE=1 CMakeFiles/cmTC_b5da6.dir/CheckSymbolExists.c.o -o cmTC_b5da6 
gmake[1]: Leaving directory '/home/feng/Projects/myapp/build/CMakeFiles/CMakeScratch/TryCompile-9IK50O'


File CheckSymbolExists.c:
/* */
#include <sys/inotify.h>

int main(int argc, char** argv)
{
  (void)argv;
#ifndef inotify_init1
  return ((int*)(&inotify_init1))[argc];
#else
  (void)argc;
  return 0;
#endif
}
Performing C SOURCE FILE Test HAVE_PTHREADS succeeded with the following output:
Change Dir: /home/feng/Projects/myapp/build/CMakeFiles/CMakeScratch/TryCompile-k4C7e2

Run Build Command(s):/usr/bin/gmake -f Makefile cmTC_822e5/fast && /usr/bin/gmake  -f CMakeFiles/cmTC_822e5.dir/build.make CMakeFiles/cmTC_822e5.dir/build
gmake[1]: Entering directory '/home/feng/Projects/myapp/build/CMakeFiles/CMakeScratch/TryCompile-k4C7e2'
Building C object CMakeFiles/cmTC_822e5.dir/src.c.o
/usr/bin/cc -DHAVE_PTHREADS  -D_GNU_SOURCE=1 -D_REENTRANT -pthread -o CMakeFiles/cmTC_822e5.dir/src.c.o -c /home/feng/Projects/myapp/build/CMakeFiles/CMakeScratch/TryCompile-k4C7e2/src.c
Linking C executable cmTC_822e5
/usr/bin/cmake -E cmake_link_script CMakeFiles/cmTC_822e5.dir/link.txt --verbose=1
/usr/bin/cc   -D_GNU_SOURCE=1 -D_REENTRANT -pthread CMakeFiles/cmTC_822e5.dir/src.c.o -o cmTC_822e5 
gmake[1]: Leaving directory '/home/feng/Projects/myapp/build/CMakeFiles/CMakeScratch/TryCompile-k4C7e2'


Source file was:

        #include <pthread.h>
        int main(int argc, char** argv) {
          pthread_attr_t type;
          pthread_attr_init(&type);
          return 0;
        }

Performing C SOURCE FILE Test HAVE_RECURSIVE_MUTEXES succeeded with the following output:
Change Dir: /home/feng/Projects/myapp/build/CMakeFiles/CMakeScratch/TryCompile-DVJPux

Run Build Command(s):/usr/bin/gmake -f Makefile cmTC_195f7/fast && /usr/bin/gmake  -f CMakeFiles/cmTC_195f7.dir/build.make CMakeFiles/cmTC_195f7.dir/build
gmake[1]: Entering directory '/home/feng/Projects/myapp/build/CMakeFiles/CMakeScratch/TryCompile-DVJPux'
Building C object CMakeFiles/cmTC_195f7.dir/src.c.o
/usr/bin/cc -DHAVE_RECURSIVE_MUTEXES  -D_GNU_SOURCE=1 -D_REENTRANT -pthread -o CMakeFiles/cmTC_195f7.dir/src.c.o -c /home/feng/Projects/myapp/build/CMakeFiles/CMakeScratch/TryCompile-DVJPux/src.c
Linking C executable cmTC_195f7
/usr/bin/cmake -E cmake_link_script CMakeFiles/cmTC_195f7.dir/link.txt --verbose=1
/usr/bin/cc   -D_GNU_SOURCE=1 -D_REENTRANT -pthread CMakeFiles/cmTC_195f7.dir/src.c.o -o cmTC_195f7 
gmake[1]: Leaving directory '/home/feng/Projects/myapp/build/CMakeFiles/CMakeScratch/TryCompile-DVJPux'


Source file was:

        #include <pthread.h>
        int main(int argc, char **argv) {
          pthread_mutexattr_t attr;
          pthread_mutexattr_settype(&attr, PTHREAD_MUTEX_RECURSIVE);
          return 0;
        }

Performing C SOURCE FILE Test HAVE_PTHREADS_SEM succeeded with the following output:
Change Dir: /home/feng/Projects/myapp/build/CMakeFiles/CMakeScratch/TryCompile-wMqlYo

Run Build Command(s):/usr/bin/gmake -f Makefile cmTC_7d73a/fast && /usr/bin/gmake  -f CMakeFiles/cmTC_7d73a.dir/build.make CMakeFiles/cmTC_7d73a.dir/build
gmake[1]: Entering directory '/home/feng/Projects/myapp/build/CMakeFiles/CMakeScratch/TryCompile-wMqlYo'
Building C object CMakeFiles/cmTC_7d73a.dir/src.c.o
/usr/bin/cc -DHAVE_PTHREADS_SEM  -D_GNU_SOURCE=1 -D_REENTRANT -pthread -o CMakeFiles/cmTC_7d73a.dir/src.c.o -c /home/feng/Projects/myapp/build/CMakeFiles/CMakeScratch/TryCompile-wMqlYo/src.c
Linking C executable cmTC_7d73a
/usr/bin/cmake -E cmake_link_script CMakeFiles/cmTC_7d73a.dir/link.txt --verbose=1
/usr/bin/cc   -D_GNU_SOURCE=1 -D_REENTRANT -pthread CMakeFiles/cmTC_7d73a.dir/src.c.o -o cmTC_7d73a 
gmake[1]: Leaving directory '/home/feng/Projects/myapp/build/CMakeFiles/CMakeScratch/TryCompile-wMqlYo'


Source file was:
#include <pthread.h>
                                 #include <semaphore.h>
                                 int main(int argc, char **argv) { return 0; }

Performing C SOURCE FILE Test COMPILER_HAS_SEM_TIMEDWAIT succeeded with the following output:
Change Dir: /home/feng/Projects/myapp/build/CMakeFiles/CMakeScratch/TryCompile-lqQpMp

Run Build Command(s):/usr/bin/gmake -f Makefile cmTC_75106/fast && /usr/bin/gmake  -f CMakeFiles/cmTC_75106.dir/build.make CMakeFiles/cmTC_75106.dir/build
gmake[1]: Entering directory '/home/feng/Projects/myapp/build/CMakeFiles/CMakeScratch/TryCompile-lqQpMp'
Building C object CMakeFiles/cmTC_75106.dir/src.c.o
/usr/bin/cc -DCOMPILER_HAS_SEM_TIMEDWAIT  -D_GNU_SOURCE=1 -D_REENTRANT -pthread -o CMakeFiles/cmTC_75106.dir/src.c.o -c /home/feng/Projects/myapp/build/CMakeFiles/CMakeScratch/TryCompile-lqQpMp/src.c
Linking C executable cmTC_75106
/usr/bin/cmake -E cmake_link_script CMakeFiles/cmTC_75106.dir/link.txt --verbose=1
/usr/bin/cc   -D_GNU_SOURCE=1 -D_REENTRANT -pthread CMakeFiles/cmTC_75106.dir/src.c.o -o cmTC_75106 
gmake[1]: Leaving directory '/home/feng/Projects/myapp/build/CMakeFiles/CMakeScratch/TryCompile-lqQpMp'


Source file was:

              #include <pthread.h>
              #include <semaphore.h>
              int main(int argc, char **argv) {
                  sem_timedwait(NULL, NULL);
                  return 0;
              }

Determining if the include file pthread.h exists passed with the following output:
Change Dir: /home/feng/Projects/myapp/build/CMakeFiles/CMakeScratch/TryCompile-c7FlfW

Run Build Command(s):/usr/bin/gmake -f Makefile cmTC_84443/fast && /usr/bin/gmake  -f CMakeFiles/cmTC_84443.dir/build.make CMakeFiles/cmTC_84443.dir/build
gmake[1]: Entering directory '/home/feng/Projects/myapp/build/CMakeFiles/CMakeScratch/TryCompile-c7FlfW'
Building C object CMakeFiles/cmTC_84443.dir/CheckIncludeFile.c.o
/usr/bin/cc   -D_GNU_SOURCE=1 -D_REENTRANT -pthread -o CMakeFiles/cmTC_84443.dir/CheckIncludeFile.c.o -c /home/feng/Projects/myapp/build/CMakeFiles/CMakeScratch/TryCompile-c7FlfW/CheckIncludeFile.c
Linking C executable cmTC_84443
/usr/bin/cmake -E cmake_link_script CMakeFiles/cmTC_84443.dir/link.txt --verbose=1
/usr/bin/cc   -D_GNU_SOURCE=1 -D_REENTRANT -pthread CMakeFiles/cmTC_84443.dir/CheckIncludeFile.c.o -o cmTC_84443 
gmake[1]: Leaving directory '/home/feng/Projects/myapp/build/CMakeFiles/CMakeScratch/TryCompile-c7FlfW'



Performing C SOURCE FILE Test HAVE_PTHREAD_SETNAME_NP succeeded with the following output:
Change Dir: /home/feng/Projects/myapp/build/CMakeFiles/CMakeScratch/TryCompile-heKtVp

Run Build Command(s):/usr/bin/gmake -f Makefile cmTC_cacf3/fast && /usr/bin/gmake  -f CMakeFiles/cmTC_cacf3.dir/build.make CMakeFiles/cmTC_cacf3.dir/build
gmake[1]: Entering directory '/home/feng/Projects/myapp/build/CMakeFiles/CMakeScratch/TryCompile-heKtVp'
Building C object CMakeFiles/cmTC_cacf3.dir/src.c.o
/usr/bin/cc -DHAVE_PTHREAD_SETNAME_NP  -D_GNU_SOURCE=1 -D_REENTRANT -pthread -o CMakeFiles/cmTC_cacf3.dir/src.c.o -c /home/feng/Projects/myapp/build/CMakeFiles/CMakeScratch/TryCompile-heKtVp/src.c
Linking C executable cmTC_cacf3
/usr/bin/cmake -E cmake_link_script CMakeFiles/cmTC_cacf3.dir/link.txt --verbose=1
/usr/bin/cc   -D_GNU_SOURCE=1 -D_REENTRANT -pthread CMakeFiles/cmTC_cacf3.dir/src.c.o -o cmTC_cacf3 
gmake[1]: Leaving directory '/home/feng/Projects/myapp/build/CMakeFiles/CMakeScratch/TryCompile-heKtVp'


Source file was:

            #include <pthread.h>
            int main(int argc, char **argv) {
              #ifdef __APPLE__
              pthread_setname_np("");
              #else
              pthread_setname_np(pthread_self(),"");
              #endif
              return 0;
            }

Determining if the function clock_gettime exists in the c passed with the following output:
Change Dir: /home/feng/Projects/myapp/build/CMakeFiles/CMakeScratch/TryCompile-lfEIPY

Run Build Command(s):/usr/bin/gmake -f Makefile cmTC_489c4/fast && /usr/bin/gmake  -f CMakeFiles/cmTC_489c4.dir/build.make CMakeFiles/cmTC_489c4.dir/build
gmake[1]: Entering directory '/home/feng/Projects/myapp/build/CMakeFiles/CMakeScratch/TryCompile-lfEIPY'
Building C object CMakeFiles/cmTC_489c4.dir/CheckFunctionExists.c.o
/usr/bin/cc   -DCHECK_FUNCTION_EXISTS=clock_gettime  -D_GNU_SOURCE=1 -o CMakeFiles/cmTC_489c4.dir/CheckFunctionExists.c.o -c /home/feng/Projects/myapp/build/CMakeFiles/CMakeScratch/TryCompile-lfEIPY/CheckFunctionExists.c
Linking C executable cmTC_489c4
/usr/bin/cmake -E cmake_link_script CMakeFiles/cmTC_489c4.dir/link.txt --verbose=1
/usr/bin/cc  -DCHECK_FUNCTION_EXISTS=clock_gettime  -D_GNU_SOURCE=1 CMakeFiles/cmTC_489c4.dir/CheckFunctionExists.c.o -o cmTC_489c4  -lc 
gmake[1]: Leaving directory '/home/feng/Projects/myapp/build/CMakeFiles/CMakeScratch/TryCompile-lfEIPY'



Performing C SOURCE FILE Test HAVE_ENABLE_NEW_DTAGS succeeded with the following output:
Change Dir: /home/feng/Projects/myapp/build/CMakeFiles/CMakeScratch/TryCompile-nrRESz

Run Build Command(s):/usr/bin/gmake -f Makefile cmTC_a19bb/fast && /usr/bin/gmake  -f CMakeFiles/cmTC_a19bb.dir/build.make CMakeFiles/cmTC_a19bb.dir/build
gmake[1]: Entering directory '/home/feng/Projects/myapp/build/CMakeFiles/CMakeScratch/TryCompile-nrRESz'
Building C object CMakeFiles/cmTC_a19bb.dir/src.c.o
/usr/bin/cc -DHAVE_ENABLE_NEW_DTAGS  -D_GNU_SOURCE=1 -Wl,--enable-new-dtags -o CMakeFiles/cmTC_a19bb.dir/src.c.o -c /home/feng/Projects/myapp/build/CMakeFiles/CMakeScratch/TryCompile-nrRESz/src.c
Linking C executable cmTC_a19bb
/usr/bin/cmake -E cmake_link_script CMakeFiles/cmTC_a19bb.dir/link.txt --verbose=1
/usr/bin/cc   -D_GNU_SOURCE=1 -Wl,--enable-new-dtags CMakeFiles/cmTC_a19bb.dir/src.c.o -o cmTC_a19bb 
gmake[1]: Leaving directory '/home/feng/Projects/myapp/build/CMakeFiles/CMakeScratch/TryCompile-nrRESz'


Source file was:
int main(void) { return 0; }

Performing C SOURCE FILE Test HAVE_POSIX_SPAWN succeeded with the following output:
Change Dir: /home/feng/Projects/myapp/build/CMakeFiles/CMakeScratch/TryCompile-RS086K

Run Build Command(s):/usr/bin/gmake -f Makefile cmTC_0bcf0/fast && /usr/bin/gmake  -f CMakeFiles/cmTC_0bcf0.dir/build.make CMakeFiles/cmTC_0bcf0.dir/build
gmake[1]: Entering directory '/home/feng/Projects/myapp/build/CMakeFiles/CMakeScratch/TryCompile-RS086K'
Building C object CMakeFiles/cmTC_0bcf0.dir/src.c.o
/usr/bin/cc -DHAVE_POSIX_SPAWN  -D_GNU_SOURCE=1 -o CMakeFiles/cmTC_0bcf0.dir/src.c.o -c /home/feng/Projects/myapp/build/CMakeFiles/CMakeScratch/TryCompile-RS086K/src.c
Linking C executable cmTC_0bcf0
/usr/bin/cmake -E cmake_link_script CMakeFiles/cmTC_0bcf0.dir/link.txt --verbose=1
/usr/bin/cc   -D_GNU_SOURCE=1 CMakeFiles/cmTC_0bcf0.dir/src.c.o -o cmTC_0bcf0 
gmake[1]: Leaving directory '/home/feng/Projects/myapp/build/CMakeFiles/CMakeScratch/TryCompile-RS086K'


Source file was:

#include <spawn.h>
#include <unistd.h>

int main(void)
{
    int pipes[2];
    int pid;

    const char * args[] = {
      "/bin/false",
      NULL
    };

    const char * env[] = { NULL };

    pipe(pipes);

    posix_spawnattr_t attr;
    posix_spawn_file_actions_t fa;

    posix_spawnattr_init(&attr);
    posix_spawn_file_actions_init(&fa);

    posix_spawn_file_actions_addclose(&fa, pipes[0]);
    posix_spawn_file_actions_adddup2(&fa, pipes[1], STDOUT_FILENO);

    posix_spawn(&pid, args[0], &fa, &attr, (char * const *) args, (char * const *) env);
    posix_spawnp(&pid, args[0], &fa, &attr, (char * const *) args, (char * const *) env);

    posix_spawn_file_actions_destroy(&fa);
    posix_spawnattr_destroy(&attr);

    return 0;
}


Determining if the vfork exist passed with the following output:
Change Dir: /home/feng/Projects/myapp/build/CMakeFiles/CMakeScratch/TryCompile-hwDw0c

Run Build Command(s):/usr/bin/gmake -f Makefile cmTC_93492/fast && /usr/bin/gmake  -f CMakeFiles/cmTC_93492.dir/build.make CMakeFiles/cmTC_93492.dir/build
gmake[1]: Entering directory '/home/feng/Projects/myapp/build/CMakeFiles/CMakeScratch/TryCompile-hwDw0c'
Building C object CMakeFiles/cmTC_93492.dir/CheckSymbolExists.c.o
/usr/bin/cc   -D_GNU_SOURCE=1 -o CMakeFiles/cmTC_93492.dir/CheckSymbolExists.c.o -c /home/feng/Projects/myapp/build/CMakeFiles/CMakeScratch/TryCompile-hwDw0c/CheckSymbolExists.c
Linking C executable cmTC_93492
/usr/bin/cmake -E cmake_link_script CMakeFiles/cmTC_93492.dir/link.txt --verbose=1
/usr/bin/cc   -D_GNU_SOURCE=1 CMakeFiles/cmTC_93492.dir/CheckSymbolExists.c.o -o cmTC_93492 
gmake[1]: Leaving directory '/home/feng/Projects/myapp/build/CMakeFiles/CMakeScratch/TryCompile-hwDw0c'


File CheckSymbolExists.c:
/* */
#include <unistd.h>

int main(int argc, char** argv)
{
  (void)argv;
#ifndef vfork
  return ((int*)(&vfork))[argc];
#else
  (void)argc;
  return 0;
#endif
}
